arm,feed,spearman,auroc,map10,n_pairs,n_queries,spearman_far,n_far,spearman_mid,n_mid,spearman_high,n_high,rmse_high,rmse_all,seed
clf-pool,synth,0.9195004008844746,0.9662852455062563,0.9712930580254231,3648,2410,-0.10466541513910799,848,0.5448007404163236,1595,0.8527197330633056,1205,0.12312738381824885,0.18251410042606062,0
clf-pool,3Di,0.945144421691362,0.9854189177021431,0.49447060086709455,3692,347,0.6035891634128571,1200,0.6401634918479114,1268,0.8587597908410829,1224,0.10360563338382867,0.21884999051069776,0
clf-pool,SS,0.9609256763956578,0.9909720320218022,0.4182185301255446,4000,10002,0.6251169647647398,1200,0.7350448980925831,1375,0.8451092280222988,1425,0.10646295806551001,0.20806725327788045,0
clf-pool,AA,0.0011269729997166683,0.9996696944673823,0.8142857142857143,1216,10,-0.017486140256644127,1200,0.11845133237033335,11,,5,0.17516619298340733,0.3413393422212701,0
reg-band,synth,0.9229647206979557,0.9671130828533723,0.9740876309029837,3648,2410,-0.08838401595251387,848,0.5653564754601356,1595,0.855331860776689,1205,0.10567367596697147,0.14256449419773842,0
reg-band,3Di,0.9595305650270748,0.9902258715479709,0.4847773241541253,3692,347,0.652842197731226,1200,0.7161139362399532,1268,0.8560886053246999,1224,0.06542597668654815,0.17058295435470125,0
reg-band,SS,0.9721667298632547,0.9921637881110543,0.41546236985910956,4000,10002,0.7436564582697796,1200,0.7977243110873985,1375,0.8743899297588067,1425,0.05394691342711009,0.10405027624434177,0
reg-band,AA,0.18972368452750563,1.0,1.0,1216,10,0.16835830299931853,1200,-0.31890743330474364,11,,5,0.10344674669214965,0.2784493536761852,0
reg-flat,synth,0.9264985242686408,0.9703918214969351,0.9769195811104525,3648,2410,0.0069258455897474695,848,0.5702925762233176,1595,0.8697962418870723,1205,0.10731277403284588,0.14374820717185757,0
reg-flat,3Di,0.9607543076409172,0.9926046863910339,0.4867984367137825,3692,347,0.6706172971819399,1200,0.725668609336575,1268,0.8729026368823297,1224,0.07203774383669177,0.18016430512225787,0
reg-flat,SS,0.9736307978349139,0.991163890308295,0.4178441741105042,4000,10002,0.7898178824380951,1200,0.801946911481506,1375,0.870572986312413,1425,0.05067947094692983,0.10150946706658497,0
reg-flat,AA,0.2636082933442767,1.0,1.0,1216,10,0.2465405994179121,1200,-0.25968176711957697,11,,5,0.09882062625719479,0.2659973781772063,0
reg-soft,synth,0.9259163562855388,0.9715415201023163,0.9808111045247975,3648,2410,0.0036732830567118347,848,0.5542486772910986,1595,0.8618733474476775,1205,0.10611234969918971,0.1408553603794468,0
reg-soft,3Di,0.9562590913991094,0.9906087130962595,0.4937329927434737,3692,347,0.6061160540654326,1200,0.7138513345559998,1268,0.8628298572002329,1224,0.07005184301827302,0.1858748978311232,0
reg-soft,SS,0.9666086787152183,0.9915754045307444,0.4125231383554481,4000,10002,0.6569469984180523,1200,0.7623381259070607,1375,0.8668471613050469,1425,0.05509345410721794,0.12406045457086987,0
reg-soft,AA,0.22500243609813667,1.0,1.0,1216,10,0.20843866517085213,1200,-0.22323520331332056,11,,5,0.1051700089673481,0.2715005403463761,0
clf-pool,synth,0.9242457682815248,0.9719618929858025,0.9761111111111112,3648,2410,-0.09050873380380045,848,0.5427693529594184,1595,0.8643311176564604,1205,0.12129860255224696,0.18210036891071635,1
clf-pool,3Di,0.8948171270072978,0.9927238588574274,0.5202420215604654,3692,347,0.29290753024667765,1200,0.5650886789929614,1268,0.8725325704385151,1224,0.09563835762864599,0.2143725963904124,1
clf-pool,SS,0.9423706289608036,0.9849235905297223,0.3950769359859447,4000,10002,0.5559829434221971,1200,0.697586111830368,1375,0.8549544533312462,1425,0.10354076125527338,0.20905344521004618,1
clf-pool,AA,-4.4579696795271074e-05,0.9871180842279108,0.8,1216,10,-0.021367847998212182,1200,0.3143516128289616,11,,5,0.10720378550234919,0.3412240120268795,1
reg-band,synth,0.9230269317450057,0.965321190360128,0.9682709280115919,3648,2410,-0.06803350672665524,848,0.5703676303323687,1595,0.8641019764965291,1205,0.10773085301133314,0.1381027854648172,1
reg-band,3Di,0.9312014767005427,0.9930529072785247,0.492008275772685,3692,347,0.386187153788789,1200,0.6650996648444507,1268,0.8406845791137918,1224,0.0741185837690076,0.18932680990282302,1
reg-band,SS,0.9653167062214266,0.9919642990972577,0.4146552397916738,4000,10002,0.685254122123676,1200,0.7589305449887727,1375,0.8561300572369059,1425,0.060812379749833514,0.12984840531269407,1
reg-band,AA,0.16568106216303655,0.9998348472336911,1.0,1216,10,0.14428233485663425,1200,0.4100238428203847,11,,5,0.13060749730298582,0.2679414751202394,1
reg-flat,synth,0.9257841504090175,0.966155481917172,0.9773322136600145,3648,2410,-0.06893772279075393,848,0.5851550834368086,1595,0.8696193056209673,1205,0.11518916017768398,0.1366456351091273,1
reg-flat,3Di,0.9229141167138493,0.9933726867300134,0.522716993297479,3692,347,0.3730753829087651,1200,0.6423332066198751,1268,0.8605278398487756,1224,0.06339914012392625,0.19109877396026353,1
reg-flat,SS,0.9610272057822997,0.9912265712825754,0.42149959070292264,4000,10002,0.6184222119021003,1200,0.7482042521261284,1375,0.8696202768948215,1425,0.05597570312697239,0.13322047487345703,1
reg-flat,AA,0.14735120521831493,1.0,0.9166666666666667,1216,10,0.11939081793646174,1200,0.33257489473208984,11,,5,0.10927382066260148,0.2652661724935997,1
reg-soft,synth,0.9250374800161061,0.9673104457990735,0.972010472238688,3648,2410,-0.05358940830448633,848,0.572460441960015,1595,0.8636104309031295,1205,0.11133692105877244,0.13838451012880298,1
reg-soft,3Di,0.9166327682065053,0.9920217344095931,0.5073666575179544,3692,347,0.3331449918290544,1200,0.6310252073419027,1268,0.8513775171780548,1224,0.06983501154303487,0.1988281163182879,1
reg-soft,SS,0.9616388780447424,0.9914486799523079,0.4194316969939345,4000,10002,0.6312452367494668,1200,0.7388625945399802,1375,0.8679346287354149,1425,0.06121069818904091,0.13119554553607451,1
reg-soft,AA,0.17198961818253636,1.0,0.9333333333333332,1216,10,0.14861415344116294,1200,0.41457966329616674,11,,5,0.12093149136090932,0.26719456154998983,1
clf-pool,synth,0.9246111623219636,0.9722166644303396,0.9747986234604491,3648,2410,-0.08235314728255086,848,0.5695458530474132,1595,0.8621674190553138,1205,0.12031671387684303,0.18178175342006633,2
clf-pool,3Di,0.9320445802632973,0.9901758853190116,0.47829110676184233,3692,347,0.5629168878320311,1200,0.6331635526328845,1268,0.8547068746930384,1224,0.09225598706570631,0.21644179165733718,2
clf-pool,SS,0.9362323505720886,0.96083134048714,0.3882601209664845,4000,10002,0.6729459286926417,1200,0.6581250185312334,1375,0.8281606620269437,1425,0.15985732959566318,0.2202683143832563,2
clf-pool,AA,0.1321921892563471,1.0,1.0,1216,10,0.11477795591782702,1200,0.10022805046720515,11,,5,0.10594697046622249,0.34122187112935787,2
reg-band,synth,0.9207218619173693,0.9650766097733723,0.9649438516762168,3648,2410,-0.08478208782079327,848,0.5698937431415612,1595,0.8540076461903746,1205,0.110244802645983,0.13995768096670283,2
reg-band,3Di,0.9645148397841041,0.9930635003866485,0.5299931384657609,3692,347,0.6361859910253117,1200,0.7680678484703795,1268,0.87238491768786,1224,0.08769465345583384,0.1907637842478287,2
reg-band,SS,0.9324099639464246,0.9700297734627832,0.3705930126490449,4000,10002,0.6757583607996491,1200,0.6313362109603028,1375,0.8169996677599297,1425,0.06657071436897888,0.14096952142062857,2
reg-band,AA,0.15000378870075054,0.999009083402147,0.9,1216,10,0.12555691404274688,1200,0.041002384282038465,11,,5,0.11225101403718538,0.2659703620596771,2
reg-flat,synth,0.9239877599519121,0.9658326015731288,0.967805769610749,3648,2410,-0.02752963921702972,848,0.5689409235528838,1595,0.8675656971291698,1205,0.1197979615090198,0.13608421801617143,2
reg-flat,3Di,0.9644155583977473,0.9922051275939875,0.5232422423820633,3692,347,0.6918599467769151,1200,0.7503841770207973,1268,0.8664663773825771,1224,0.07985418640066606,0.1807732201540558,2
reg-flat,SS,0.9516321753524511,0.9782043263498552,0.38306353504746266,4000,10002,0.7292428140340792,1200,0.6993037113672304,1375,0.845410288043359,1425,0.06033501032364041,0.12589040904222165,2
reg-flat,AA,0.15825486020816196,0.9996696944673823,0.9333333333333332,1216,10,0.13368995182208035,1200,0.39180056091725646,11,,5,0.1024532869983467,0.2487645553248277,2
reg-soft,synth,0.9231659318095294,0.9692015293080577,0.9661726931436475,3648,2410,-0.03391172328240941,848,0.5575530084492845,1595,0.8625103065553207,1205,0.11519428262066554,0.13807257940554835,2
reg-soft,3Di,0.9633588289473309,0.992427086312645,0.5290559799541548,3692,347,0.6801658057823052,1200,0.7519684137640898,1268,0.8627589934985002,1224,0.07753810394191199,0.17453619851285235,2
reg-soft,SS,0.9411355886811279,0.9730670754556293,0.3730435502248253,4000,10002,0.7053106896557223,1200,0.6755083924111339,1375,0.822430626761681,1425,0.07005254065256906,0.13143464362887844,2
reg-soft,AA,0.1232818594841117,0.999009083402147,0.9,1216,10,0.09804130709143344,1200,-0.173121178079718,11,,5,0.12014960680674905,0.24898266311035844,2
