arm,config,dataset,n_train,epochs,n_steps,n_params,spearman,spearman_far,spearman_mid,spearman_high,auroc,map10,rmse_high,train_loss_online,train_mse_final,spearman_sd,spearman_far_sd,spearman_mid_sd,spearman_high_sd,auroc_sd,map10_sd,rmse_high_sd,train_loss_online_sd,train_mse_final_sd
0-baseline,K=16,3Di,30000.0,30.0,7050.0,141184.0,0.954802707598546,0.609054169230176,0.7059847383324808,0.8667902363446811,0.991382926654898,0.5056403369509471,0.0672836400754719,0.0025391629906992117,0.0021042591896322034,0.009777022258873284,0.07415130940449255,0.04342657133748345,0.01963176764134265,0.0007596576886725482,0.029105172238455136,0.0014783492511958578,4.25902921777644e-05,5.1787855685555104e-05
0-baseline,K=16,AA,30000.0,30.0,7050.0,141184.0,0.18709492179896484,0.16580268283999655,,,0.9993393889347647,0.8352777777777778,0.12998155398392067,0.0025391629906992117,0.0021042591896322034,0.01909683717518751,0.023450776796953142,,,0.0008739062959750756,0.07538942110677606,0.020791003340447204,4.25902921777644e-05,5.1787855685555104e-05
0-baseline,K=16,SS,30000.0,30.0,7050.0,141184.0,0.9638358775591338,0.7284643616400187,0.7593768533761657,0.8519289340030823,0.9863845859757584,0.41142304609435887,0.05686307273895371,0.0025391629906992117,0.0021042591896322034,0.010000337869432711,0.025157150001359496,0.06696941210428009,0.01198750269169868,0.008377175208900502,0.019955291518712285,0.004005298778238845,4.25902921777644e-05,5.1787855685555104e-05
0-baseline,K=16,Synth,30000.0,30.0,7050.0,141184.0,0.9248977353118536,-0.06991492383121911,0.5764757613822995,0.8657894867815935,0.96914332818695,0.9747808404136205,0.11634820924648848,0.0025391629906992117,0.0021042591896322034,0.0007684160998464414,0.034189604341906404,0.01166658847840102,0.002388633008093821,0.002040947250590323,0.0031353219448843187,0.0024834958647103776,4.25902921777644e-05,5.1787855685555104e-05
E-epochs,epochs=10,3Di,30000.0,10.0,2350.0,141184.0,0.9519888688307091,0.5974021641428133,0.7008693606086682,0.86672844415031,0.9903096695428374,0.5091907625112876,0.06239826297442025,0.0038496847528964283,0.0032046964055962037,0.016930873626742865,0.16560026665061192,0.043694485396658274,0.029431512695838793,0.0011752316295964389,0.03664885374071134,0.007399344656994782,7.525965713488957e-05,2.052059617497203e-05
E-epochs,epochs=10,AA,30000.0,10.0,2350.0,141184.0,0.20907445092387145,0.18574343556975423,,,0.9991191852463528,0.9533333333333333,0.1173537826498639,0.0038496847528964283,0.0032046964055962037,0.020008439034604135,0.015229395069181993,,,0.0015256159053731158,0.04509249752822897,0.012325482276236551,7.525965713488957e-05,2.052059617497203e-05
E-epochs,epochs=10,SS,30000.0,10.0,2350.0,141184.0,0.9597839672575309,0.7399318377658496,0.7422849980707479,0.8461956420938158,0.9820843868956021,0.4137867518511498,0.06276837547652732,0.0038496847528964283,0.0032046964055962037,0.01832620121087247,0.0232846206259494,0.09917025843213075,0.026814818532742802,0.015367941754660606,0.029753066009381206,0.011954565912460533,7.525965713488957e-05,2.052059617497203e-05
E-epochs,epochs=10,Synth,30000.0,10.0,2350.0,141184.0,0.9301810356021414,-0.016857758458686093,0.5894604974826183,0.8672608908071057,0.9703772146007816,0.9877867790730862,0.1105265242266353,0.0038496847528964283,0.0032046964055962037,0.0006218188283644801,0.020037178651566817,0.01799150599133771,0.009317723437163836,0.002945829827187271,0.002991568443563102,0.0014626182902940687,7.525965713488957e-05,2.052059617497203e-05
E-epochs,epochs=20,3Di,30000.0,20.0,4700.0,141184.0,0.9556155580775094,0.6274745422386987,0.708451727892549,0.8708494461244517,0.9913521301810944,0.5077927429110186,0.06701096506554464,0.002915694790830215,0.0024691717081599764,0.009374980270088247,0.059704435730452796,0.03332584425936806,0.02291216512258949,0.0003638043086552193,0.028947247989087814,0.002092874897099394,5.8398696786288694e-05,5.23103043248291e-05
E-epochs,epochs=20,AA,30000.0,20.0,4700.0,141184.0,0.20596053068215006,0.1844491950160412,,,0.9994494907789706,0.9083333333333333,0.12239432938494893,0.002915694790830215,0.0024691717081599764,0.043268164103774986,0.050298633542348946,,,0.0009535099408581873,0.038188130791298645,0.01636857241666775,5.8398696786288694e-05,5.23103043248291e-05
E-epochs,epochs=20,SS,30000.0,20.0,4700.0,141184.0,0.9617568721098292,0.7048219880954724,0.7627312232207274,0.8501489754861186,0.98484352387521,0.41632191415710307,0.05697605968763858,0.002915694790830215,0.0024691717081599764,0.01374125585400479,0.0867423930375886,0.08573617475031307,0.017395238119012606,0.010420135808974228,0.022074812934293024,0.004272867294709374,5.8398696786288694e-05,5.23103043248291e-05
E-epochs,epochs=20,Synth,30000.0,20.0,4700.0,141184.0,0.926532674438803,-0.03897351493053214,0.5717942667704158,0.868315844144047,0.9694198401280878,0.9792150211859756,0.11274138306922066,0.002915694790830215,0.0024691717081599764,0.0008856194354760724,0.03857610710579443,0.015647655423172743,0.010361447847878246,0.0018445522754675717,0.003277385000856409,0.002305513640172556,5.8398696786288694e-05,5.23103043248291e-05
E-epochs,epochs=30,3Di,30000.0,30.0,7050.0,141184.0,0.9543479636736351,0.6089082948167478,0.7095755477045592,0.868636072406208,0.9916207194276255,0.5083794948494927,0.0677230664547543,0.002525644181875719,0.002107098259528478,0.009865675144543735,0.07575689050400357,0.031832631077412785,0.020925140696223914,0.0020132092141074095,0.026911330078938644,0.003660606321737537,5.4081537035987525e-05,7.960049741798207e-05
E-epochs,epochs=30,AA,30000.0,30.0,7050.0,141184.0,0.2007586984221428,0.1802802829815742,,,0.9994494907789706,0.8833333333333333,0.12969412565256289,0.002525644181875719,0.002107098259528478,0.02856784368181352,0.03216304160824026,,,0.0006875857966857239,0.0577350269189626,0.014602150516262995,5.4081537035987525e-05,7.960049741798207e-05
E-epochs,epochs=30,SS,30000.0,30.0,7050.0,141184.0,0.9636472288429174,0.6999825741351952,0.7666418711967378,0.8511648229519921,0.9866056133450032,0.4133917960675942,0.056723046788202613,0.002525644181875719,0.002107098259528478,0.007889943654374992,0.046666019244482645,0.05913399616290326,0.010544402728699652,0.006877364079700092,0.01673931346587869,0.004798533590828711,5.4081537035987525e-05,7.960049741798207e-05
E-epochs,epochs=30,Synth,30000.0,30.0,7050.0,141184.0,0.925127759816843,-0.059777811436536966,0.5793302078239091,0.8672726586989299,0.9682007870739161,0.973706393115107,0.11713602088185042,0.002525644181875719,0.002107098259528478,0.0013250617281564407,0.03591946907471605,0.0194911465837068,0.008393685475477416,0.0019994079464613454,0.00422590398269675,0.0021375714636030084,5.4081537035987525e-05,7.960049741798207e-05
E-epochs,epochs=5,3Di,30000.0,5.0,1175.0,141184.0,0.9482508969025426,0.5464588515219527,0.6983297854316399,0.8668648574989136,0.9900726466819548,0.507892415620676,0.06099267390770693,0.005298905906826257,0.004328671097755432,0.02377947010426633,0.2472366245649096,0.041184543829718784,0.022232235259930396,0.00024807241976938294,0.033842477844228544,0.009558280122913609,6.830695989494212e-05,3.4099618820224236e-05
E-epochs,epochs=5,AA,30000.0,5.0,1175.0,141184.0,0.2807108434619516,0.26017597731386627,,,0.999944949077897,0.8972222222222221,0.12243372866745783,0.005298905906826257,0.004328671097755432,0.049346246454149256,0.05016643527145524,,,9.535099408584276e-05,0.031549490810001496,0.018304492074778723,6.830695989494212e-05,3.4099618820224236e-05
E-epochs,epochs=5,SS,30000.0,5.0,1175.0,141184.0,0.9542137465493433,0.7188287124677738,0.7295700634026455,0.8328085662805901,0.9764666231747746,0.41337106373551863,0.0693270049622104,0.005298905906826257,0.004328671097755432,0.023899991143593532,0.07415841486765726,0.10585822348715475,0.047511827854190364,0.023964917645059043,0.035881030741742356,0.02242752207837788,6.830695989494212e-05,3.4099618820224236e-05
E-epochs,epochs=5,Synth,30000.0,5.0,1175.0,141184.0,0.9312418661605348,0.009967813356572099,0.589148329388344,0.8684952041875279,0.9708228381652152,0.9890336780170804,0.10739250118512006,0.005298905906826257,0.004328671097755432,0.0011125988581059802,0.03908789801529502,0.02008140313024761,0.008132706091913914,0.002969381374797414,0.0003786878455999599,0.0016755218457111067,6.830695989494212e-05,3.4099618820224236e-05
E-epochs,epochs=50,3Di,30000.0,50.0,11750.0,141184.0,0.9552724417924386,0.6193020924341971,0.7136664408256288,0.8715159940266918,0.9918747903365065,0.5095350620769175,0.06637432054364066,0.002153278209682968,0.0018179880254798467,0.008633722819353503,0.06508533392593202,0.02694875768218055,0.0144234113394012,0.0021101634285719062,0.02925760215334056,0.006477556589171527,4.24551355882487e-05,5.6217549619986615e-05
E-epochs,epochs=50,AA,30000.0,50.0,11750.0,141184.0,0.17139541700282926,0.15066716128026383,,,0.9987338287916323,0.8677777777777779,0.12133032618276042,0.002153278209682968,0.0018179880254798467,0.037310243613765046,0.040837011299900416,,,0.002193072863973807,0.05154106597152883,0.0093792273396405,4.24551355882487e-05,5.6217549619986615e-05
E-epochs,epochs=50,SS,30000.0,50.0,11750.0,141184.0,0.9602879318515637,0.6528563298788036,0.7587089996742339,0.8514880004295442,0.9862811623661015,0.4095056027059894,0.056361060463374406,0.002153278209682968,0.0018179880254798467,0.010719536314412798,0.017295168361843624,0.0672922289735126,0.012693375904205844,0.006662211854542369,0.016117367563210458,0.0035928271047962735,4.24551355882487e-05,5.6217549619986615e-05
E-epochs,epochs=50,Synth,30000.0,50.0,11750.0,141184.0,0.9208568493990338,-0.0743073448854156,0.5625565000294022,0.8634843978695145,0.9662789045280812,0.9641550308459022,0.11688404982032248,0.002153278209682968,0.0018179880254798467,0.0002640696653346673,0.019599569522951207,0.005516741912339606,0.004571199529907884,0.0017841046084188124,0.002842031857349457,0.0018533923338664143,4.24551355882487e-05,5.6217549619986615e-05
N-no-pooling,flatten,3Di,30000.0,30.0,7050.0,1648512.0,0.842962908447828,0.10856754868908336,0.5435826441558839,0.829477863184685,0.9845871347730685,0.4517123861765861,0.08003591013930471,0.00038180820217563043,0.0003783196428583728,0.0835488971292142,0.26232393581163527,0.15130050355807598,0.07182608378261254,0.011858210135874916,0.07039837861049573,0.05329249421436309,1.4784143719731692e-05,1.392629767459147e-05
N-no-pooling,flatten,AA,30000.0,30.0,7050.0,1648512.0,-0.09970560146024661,-0.11911975281356717,,,0.9290393614093037,0.38703703703703707,0.19569196510908107,0.00038180820217563043,0.0003783196428583728,0.021229875341121113,0.02106194393637278,,,0.02173145173511921,0.11997084693885565,0.014310710097256183,1.4784143719731692e-05,1.392629767459147e-05
N-no-pooling,flatten,SS,30000.0,30.0,7050.0,1648512.0,0.8016702177538301,0.2530296623882645,0.5004251447684505,0.7003389978480182,0.9242633160527624,0.31521416578887124,0.152062516179436,0.00038180820217563043,0.0003783196428583728,0.08014734626514458,0.3155428400994352,0.09469086019027136,0.1981829404457505,0.09586955151950603,0.053065881740913104,0.11215807827226651,1.4784143719731692e-05,1.392629767459147e-05
N-no-pooling,flatten,Synth,30000.0,30.0,7050.0,1648512.0,0.8466408843206633,-0.14330504503934818,0.3516041349592978,0.701709975244064,0.9247683702950084,0.7241915848866056,0.15625594262078893,0.00038180820217563043,0.0003783196428583728,0.01636057880101151,0.05485452325728066,0.034646186564525214,0.027818082842742346,0.005526912742202803,0.06548018555877468,0.0045034716036139524,1.4784143719731692e-05,1.392629767459147e-05
P-pooling-width,K=32,3Di,30000.0,30.0,7050.0,272256.0,0.9278602376200625,0.44134453725446265,0.6448502000851005,0.8800369552746764,0.9899478109756433,0.5277606889875884,0.0484533916071628,0.0016109621453202433,0.0012958184334966871,0.04369216809929099,0.26662949045033707,0.08781787080479396,0.007360614602364269,0.0017486908818815125,0.029009359737734827,0.00570932030524301,4.4098847820497784e-05,3.2936546014659476e-06
P-pooling-width,K=32,AA,30000.0,30.0,7050.0,272256.0,0.1415320912427498,0.12233810599071902,,,0.995981282686485,0.7138888888888889,0.16164190844078216,0.0016109621453202433,0.0012958184334966871,0.01789875002495796,0.011241441796397782,,,0.006246035991403017,0.10551899951790317,0.030336437448558302,4.4098847820497784e-05,3.2936546014659476e-06
P-pooling-width,K=32,SS,30000.0,30.0,7050.0,272256.0,0.9316643841318802,0.5092594602325377,0.6808222195162984,0.8336991136617603,0.9760541180390444,0.43542513703734437,0.06846242472490395,0.0016109621453202433,0.0012958184334966871,0.033088361731782874,0.064662223327964,0.10701361604071259,0.06463296793736345,0.026196146902154167,0.04261333689642791,0.03709329020477677,4.4098847820497784e-05,3.2936546014659476e-06
P-pooling-width,K=32,Synth,30000.0,30.0,7050.0,272256.0,0.9096279601801269,-0.0770767660944242,0.5205771447669055,0.8374412912371185,0.9600407974006518,0.9459330610990362,0.12697428134896047,0.0016109621453202433,0.0012958184334966871,0.0009396743239379705,0.02565046653905157,0.019286426103676483,0.008968952706343347,0.0013530270384749957,0.0015445226050941913,0.004599753399763237,4.4098847820497784e-05,3.2936546014659476e-06
P-pooling-width,K=8,3Di,30000.0,30.0,7050.0,75648.0,0.9590637563729008,0.7238452006063228,0.6858276716263024,0.8697413552845171,0.9892323428967383,0.46201834601204483,0.08030036547390249,0.00344719469141629,0.0030746259305212235,0.006944026072610907,0.03772421484229932,0.04574396749075172,0.01970453457778579,0.0024850928154039327,0.01625245758240631,0.009926551225608536,6.107301591320481e-05,8.352998558809724e-05
P-pooling-width,K=8,AA,30000.0,30.0,7050.0,75648.0,0.3175727076411882,0.2959773905563077,,,1.0,1.0,0.07559016741392749,0.00344719469141629,0.0030746259305212235,0.01831222290129373,0.01750947400536735,,,0.0,0.0,0.020030339613244717,6.107301591320481e-05,8.352998558809724e-05
P-pooling-width,K=8,SS,30000.0,30.0,7050.0,75648.0,0.9667844550003889,0.7658929484296372,0.7912066161983798,0.8215119974045705,0.9860932067658892,0.3142950875527842,0.07547391068372752,0.00344719469141629,0.0030746259305212235,0.012803300035467135,0.1012508291037482,0.05523745923532524,0.026179928731419815,0.006716070311402406,0.008070906356758185,0.012064091362088383,6.107301591320481e-05,8.352998558809724e-05
P-pooling-width,K=8,Synth,30000.0,30.0,7050.0,75648.0,0.9317049307027999,-0.0254977391804725,0.5909903720940914,0.8815738075061884,0.9748158427075072,0.9838711607280072,0.10904070701656947,0.00344719469141629,0.0030746259305212235,0.0009146710072073948,0.01837350808191267,0.006618869533914358,0.011576622530185033,0.001751997664271505,0.0031332984636298473,0.0028736165341559064,6.107301591320481e-05,8.352998558809724e-05
T-train-size,"N=10,000",3Di,10000.0,30.0,2370.0,141184.0,0.9362802617581432,0.5069356666108306,0.6414015823669322,0.844043152814972,0.9888845627175687,0.4905860712307124,0.05854722138083737,0.0006040865884472926,0.00047241856480638184,0.024288398801609098,0.1425723990577974,0.04893479132936286,0.03362077164034165,0.002462783452812629,0.031966853188248004,0.0030307197522779403,6.2002410800047894e-06,2.9142821364779705e-05
T-train-size,"N=10,000",AA,10000.0,30.0,2370.0,141184.0,0.028687432553290895,0.006479749323487371,,,0.9956509771538672,0.6319444444444445,0.14986719138496707,0.0006040865884472926,0.00047241856480638184,0.09640601754241292,0.10048811801942235,,,0.004129920029399548,0.16875428663965628,0.031410229721844415,6.2002410800047894e-06,2.9142821364779705e-05
T-train-size,"N=10,000",SS,10000.0,30.0,2370.0,141184.0,0.9311392934078935,0.5239329375742837,0.6863064139851905,0.8098919251107878,0.9722122122561689,0.399776845205201,0.07275495501508321,0.0006040865884472926,0.00047241856480638184,0.0324937760330987,0.11505891514038925,0.11523224758030678,0.07493778035426064,0.03180125743907122,0.04236234444166487,0.02101224928966401,6.2002410800047894e-06,2.9142821364779705e-05
T-train-size,"N=10,000",Synth,10000.0,30.0,2370.0,141184.0,0.9052672997225013,-0.1422585946935757,0.49953873839568014,0.8383505938365419,0.9590507555671807,0.9364472326505521,0.11896907459324046,0.0006040865884472926,0.00047241856480638184,0.0012819357554497651,0.0307587451909508,0.011750516761460555,0.003490225326945332,0.002611331318608137,0.0018923019629941181,0.003827170075516348,6.2002410800047894e-06,2.9142821364779705e-05
T-train-size,"N=100,000",3Di,100000.0,30.0,23460.0,141184.0,0.9650892057739856,0.7439404435948721,0.7269691394700484,0.8694493498200458,0.991322433581355,0.5366751402681541,0.07327007789675113,0.004407518569777409,0.0040703833713134135,0.0019033022406808825,0.020481765118165816,0.02283999554692675,0.01218052649502454,0.0021922194787212124,0.023337826154024455,0.0030317210898874463,2.2817485099036456e-05,2.6242157097290984e-05
T-train-size,"N=100,000",AA,100000.0,30.0,23460.0,141184.0,0.41746250888911396,0.39868491524035815,,,1.0,1.0,0.07642599269545923,0.004407518569777409,0.0040703833713134135,0.021420038340867812,0.022152047352571272,,,0.0,0.0,0.004870307546392895,2.2817485099036456e-05,2.6242157097290984e-05
T-train-size,"N=100,000",SS,100000.0,30.0,23460.0,141184.0,0.9735133363639301,0.7910193009835055,0.8186905860614657,0.8594650332740156,0.9899523116983584,0.42274783242520053,0.05934969339653246,0.004407518569777409,0.0040703833713134135,0.0006767987590528088,0.039761685902774846,0.009702476571262959,0.0022653412874233253,0.0036129768828402705,0.011445575814447464,0.009443455112698536,2.2817485099036456e-05,2.6242157097290984e-05
T-train-size,"N=100,000",Synth,100000.0,30.0,23460.0,141184.0,0.9496037720267724,0.07494131351848711,0.6789722654755203,0.9003890274994979,0.9813775661853751,0.9993833563854312,0.10270741675244756,0.004407518569777409,0.0040703833713134135,0.0007958781612808566,0.021176467913158095,0.005286010034394535,0.0056199835803182815,0.0006502456734865016,0.0005495460068806028,0.0014834157755769788,2.2817485099036456e-05,2.6242157097290984e-05
T-train-size,"N=5,000",3Di,5000.0,30.0,1200.0,141184.0,0.9236429219652078,0.39192531145975945,0.6032270217038379,0.8541143292728361,0.9874237099852067,0.4894822311373761,0.057751987963576744,0.0003113974354773139,0.00032106970002253847,0.013883143527642835,0.1626081724054635,0.023850171001731972,0.010889713404598263,0.003925850444113899,0.034270421503926424,0.008172206636127595,4.0953850139402606e-05,0.00012146110705767934
T-train-size,"N=5,000",AA,5000.0,30.0,1200.0,141184.0,-0.06670082822079994,-0.08885747825500621,,,0.9949903660886319,0.75,0.14798640333557597,0.0003113974354773139,0.00032106970002253847,0.057951677743962614,0.05589005410677309,,,0.006367133580677507,0.08660254037844387,0.018405311549061124,4.0953850139402606e-05,0.00012146110705767934
T-train-size,"N=5,000",SS,5000.0,30.0,1200.0,141184.0,0.9350912085335779,0.664756067833658,0.6520339575965776,0.8135791138554457,0.969909996301268,0.39268258605249634,0.07101022722231175,0.0003113974354773139,0.00032106970002253847,0.036271306367123654,0.035081265674556855,0.11245794560700625,0.05805794064694306,0.03125038690640375,0.0499164889519217,0.03341221677300917,4.0953850139402606e-05,0.00012146110705767934
T-train-size,"N=5,000",Synth,5000.0,30.0,1200.0,141184.0,0.9058375898340006,-0.15705577470680024,0.4931325427380002,0.8413369416919073,0.9585871281539996,0.9422386880063228,0.12159413953797177,0.0003113974354773139,0.00032106970002253847,0.002043980129372201,0.04775375263849987,0.010112392023176648,0.00524801297064452,0.0013932228703795895,0.004521447621853496,0.0066753739728844875,4.0953850139402606e-05,0.00012146110705767934
T2-matched-steps,"N=10,000 matched",3Di,10000.0,89.0,7031.0,141184.0,0.9170898507892472,0.46433244781259747,0.5764353453178508,0.8334730985109865,0.9858481403879256,0.4664510828880597,0.05635072233786071,0.0002839578721361856,0.00023928053242464859,0.0310957346761433,0.1448733230212211,0.06883902799166745,0.029135373442276513,0.005289664014564122,0.029052200721437924,0.005515236209148592,1.669269619525778e-05,1.2946550366029119e-05
T2-matched-steps,"N=10,000 matched",AA,10000.0,89.0,7031.0,141184.0,0.03623044361414072,0.01756626073671381,,,0.9799064134324249,0.6150000000000001,0.16062168328667728,0.0002839578721361856,0.00023928053242464859,0.05463824926244245,0.052862304883827135,,,0.01256174710546485,0.20168044030098706,0.04185045255580759,1.669269619525778e-05,1.2946550366029119e-05
T2-matched-steps,"N=10,000 matched",SS,10000.0,89.0,7031.0,141184.0,0.9314718147635288,0.5030670171790069,0.6740210791478417,0.8171320867321773,0.9760736043095944,0.39185377705679997,0.061711383687035826,0.0002839578721361856,0.00023928053242464859,0.026739966435657375,0.13183521729684036,0.10285161732083303,0.06135773324420039,0.022850949772828526,0.03152187838006147,0.010778801647514205,1.669269619525778e-05,1.2946550366029119e-05
T2-matched-steps,"N=10,000 matched",Synth,10000.0,89.0,7031.0,141184.0,0.8946963557813649,-0.09334380967765893,0.4761393442861699,0.8244981889352382,0.9548609542379531,0.8866879624141036,0.12152109450259448,0.0002839578721361856,0.00023928053242464859,0.0021177453892708554,0.00921382269343165,0.028389065128178476,0.0020166403161645885,0.002099068430434576,0.006175399764295341,0.0016587121716635967,1.669269619525778e-05,1.2946550366029119e-05
T2-matched-steps,"N=100,000 matched",3Di,100000.0,9.0,7038.0,141184.0,0.9562418842820462,0.6466662550711836,0.7096224726484633,0.873434443949991,0.9910681426976611,0.5380165555388555,0.06908564481355355,0.005437761100381613,0.004876267016728719,0.02050826836143464,0.23560483315181116,0.04935597951999767,0.005203948761041106,0.0011570119143359723,0.011708974326267729,0.007509465040568596,4.535348443100778e-05,9.709838328211796e-05
T2-matched-steps,"N=100,000 matched",AA,100000.0,9.0,7038.0,141184.0,0.4231445498120625,0.40528162990887234,,,1.0,1.0,0.08766399991297326,0.005437761100381613,0.004876267016728719,0.009891469159726963,0.009382183701977036,,,0.0,0.0,0.011851740410822842,4.535348443100778e-05,9.709838328211796e-05
T2-matched-steps,"N=100,000 matched",SS,100000.0,9.0,7038.0,141184.0,0.9681457095745278,0.7669454711681233,0.7824438299728587,0.8561363395843781,0.9873382239298173,0.42282843030369327,0.05620441027437947,0.005437761100381613,0.004876267016728719,0.01035637557605845,0.02241558942159804,0.07032837855679619,0.012095015828642575,0.008672153514746511,0.013059086061201456,0.004358003482731802,4.535348443100778e-05,9.709838328211796e-05
T2-matched-steps,"N=100,000 matched",Synth,100000.0,9.0,7038.0,141184.0,0.9476679025620562,0.09224049120151219,0.6660905509437748,0.891478773227047,0.9799047607724445,0.9991470723835869,0.10069941545649237,0.005437761100381613,0.004876267016728719,0.0003222458708678218,0.03474135445705988,0.0035057995601215975,0.005792034709524524,0.0005304541702786063,0.000499092556353337,0.0019238353784834668,4.535348443100778e-05,9.709838328211796e-05
T2-matched-steps,"N=5,000 matched",3Di,5000.0,176.0,7040.0,141184.0,0.9235910926679883,0.49600120054598146,0.5949860777992615,0.8537363503159483,0.9889508851236534,0.48668967353013715,0.052881831781446086,7.03420513154318e-05,5.36153053243955e-05,0.014530470766480143,0.12767051594768666,0.007286762248472548,0.0031472102651468525,0.0017348604883885654,0.023749180324057276,0.0034997663156946597,3.1160828020902244e-05,2.758291814882772e-05
T2-matched-steps,"N=5,000 matched",AA,5000.0,176.0,7040.0,141184.0,0.16994884044661537,0.15552580305368544,,,0.9983484723369117,0.8233333333333333,0.1255955281859207,7.03420513154318e-05,5.36153053243955e-05,0.05994599299965079,0.06082841266758052,,,0.001411065853892217,0.047521924764610764,0.011754074063321688,3.1160828020902244e-05,2.758291814882772e-05
T2-matched-steps,"N=5,000 matched",SS,5000.0,176.0,7040.0,141184.0,0.9296365692642037,0.5558329466335244,0.6342442269425858,0.8261598293305159,0.9753664265098178,0.39380225598871155,0.07365689296113245,7.03420513154318e-05,5.36153053243955e-05,0.023703561849519224,0.04200551658346651,0.09286716789290494,0.023457589368858247,0.014479600641744795,0.032473840090111894,0.019735683640381464,3.1160828020902244e-05,2.758291814882772e-05
T2-matched-steps,"N=5,000 matched",Synth,5000.0,176.0,7040.0,141184.0,0.904798556048101,0.007446379701962828,0.505252999135635,0.844058441697892,0.9602473887342331,0.9344720520757864,0.10993963152429613,7.03420513154318e-05,5.36153053243955e-05,0.001701576184070304,0.05129050160404178,0.00609094025944883,0.006493186927353458,0.001541055028198167,0.00615187215729637,0.002648821868752264,3.1160828020902244e-05,2.758291814882772e-05
