arm,config,seed,dataset,protocol_sig,spearman,auroc,map10,rmse_high,n_pairs,n_queries,spearman_far,n_far,spearman_mid,n_mid,spearman_high,n_high,n_train,epochs,n_steps,n_params,train_loss_online,train_mse_final
0-baseline,K=16,0,Synth,v2|K16|len50-200|bs128|lr0.001|ntrain30000|ep30|pair999|syn20260810|strat200000x400|rng0.3-0.7,0.9240119653615294,0.971387468302186,0.9734237304880458,0.11773024111806268,3648.0,2410.0,-0.03576592804037224,848.0,0.5630139231255605,1595.0,0.8638227234755568,1205.0,30000.0,30.0,7050.0,141184.0,0.002490165464828412,0.002049886663754781
0-baseline,K=16,0,3Di,v2|K16|len50-200|bs128|lr0.001|ntrain30000|ep30|pair999|syn20260810|strat200000x400|rng0.3-0.7,0.9606458532195332,0.9917549040634848,0.49266063341763217,0.06836467980521668,3699.0,347.0,0.6927313878795404,1200.0,0.713333839914476,1274.0,0.8881930208819006,1225.0,30000.0,30.0,7050.0,141184.0,0.002490165464828412,0.002049886663754781
0-baseline,K=16,0,SS,v2|K16|len50-200|bs128|lr0.001|ntrain30000|ep30|pair999|syn20260810|strat200000x400|rng0.3-0.7,0.9718392205601852,0.9923674199436764,0.42793457120178385,0.06039609031357644,4000.0,10002.0,0.7550252204147645,1200.0,0.8101371178983393,1397.0,0.8561344552999265,1403.0,30000.0,30.0,7050.0,141184.0,0.002490165464828412,0.002049886663754781
0-baseline,K=16,0,AA,v2|K16|len50-200|bs128|lr0.001|ntrain30000|ep30|pair999|syn20260810|strat200000x400|rng0.3-0.7,0.20891569950566322,1.0,0.8533333333333333,0.122259787316949,1216.0,10.0,0.19280418511369316,1200.0,,11.0,,5.0,30000.0,30.0,7050.0,141184.0,0.002490165464828412,0.002049886663754781
0-baseline,K=16,1,Synth,v2|K16|len50-200|bs128|lr0.001|ntrain30000|ep30|pair999|syn20260810|strat200000x400|rng0.3-0.7,0.9253855869283213,0.9686444290826698,0.9783661002436936,0.11783325457810594,3648.0,2410.0,-0.10414499253946155,848.0,0.5827668285055482,1595.0,0.8650982194502347,1205.0,30000.0,30.0,7050.0,141184.0,0.0025673175478974977,0.002153002430995305
0-baseline,K=16,1,3Di,v2|K16|len50-200|bs128|lr0.001|ntrain30000|ep30|pair999|syn20260810|strat200000x400|rng0.3-0.7,0.9435155265501861,0.9918849091778992,0.4852832797117139,0.06559899113765959,3699.0,347.0,0.5514990400702809,1200.0,0.6593525324892962,1274.0,0.8496199252124831,1225.0,30000.0,30.0,7050.0,141184.0,0.0025673175478974977,0.002153002430995305
0-baseline,K=16,1,SS,v2|K16|len50-200|bs128|lr0.001|ntrain30000|ep30|pair999|syn20260810|strat200000x400|rng0.3-0.7,0.9670429946606169,0.9899758233017921,0.41708636445739317,0.05251184763915914,4000.0,10002.0,0.7049970395933552,1200.0,0.784518486888081,1397.0,0.8612470058002322,1403.0,30000.0,30.0,7050.0,141184.0,0.0025673175478974977,0.002153002430995305
0-baseline,K=16,1,AA,v2|K16|len50-200|bs128|lr0.001|ntrain30000|ep30|pair999|syn20260810|strat200000x400|rng0.3-0.7,0.17343145552175604,0.9996696944673823,0.7525000000000001,0.1535286395808732,1216.0,10.0,0.15053329137702645,1200.0,,11.0,,5.0,30000.0,30.0,7050.0,141184.0,0.0025673175478974977,0.002153002430995305
0-baseline,K=16,2,Synth,v2|K16|len50-200|bs128|lr0.001|ntrain30000|ep30|pair999|syn20260810|strat200000x400|rng0.3-0.7,0.9252956536457099,0.9673980871759944,0.972552690509122,0.11348113204329681,3648.0,2410.0,-0.06983385091382355,848.0,0.5836465325157898,1595.0,0.8684475174189892,1205.0,30000.0,30.0,7050.0,141184.0,0.002560005959371726,0.002109888474146525
0-baseline,K=16,2,3Di,v2|K16|len50-200|bs128|lr0.001|ntrain30000|ep30|pair999|syn20260810|strat200000x400|rng0.3-0.7,0.9602467430259188,0.9905089667233101,0.5389770977234954,0.06788724928353941,3699.0,347.0,0.5829320797407067,1200.0,0.7452678425936698,1274.0,0.8625577629396597,1225.0,30000.0,30.0,7050.0,141184.0,0.002560005959371726,0.002109888474146525
0-baseline,K=16,2,SS,v2|K16|len50-200|bs128|lr0.001|ntrain30000|ep30|pair999|syn20260810|strat200000x400|rng0.3-0.7,0.9526254174565993,0.976810514681807,0.38924820262389953,0.05768128026412555,4000.0,10002.0,0.7253708249119365,1200.0,0.6834749553420765,1397.0,0.8384053409090885,1403.0,30000.0,30.0,7050.0,141184.0,0.002560005959371726,0.002109888474146525
0-baseline,K=16,2,AA,v2|K16|len50-200|bs128|lr0.001|ntrain30000|ep30|pair999|syn20260810|strat200000x400|rng0.3-0.7,0.17893761036947528,0.9983484723369116,0.9,0.11415623505393985,1216.0,10.0,0.15407057202927008,1200.0,,11.0,,5.0,30000.0,30.0,7050.0,141184.0,0.002560005959371726,0.002109888474146525
P-pooling-width,K=8,0,Synth,v2|K16|len50-200|bs128|lr0.001|ntrain30000|ep30|pair999|syn20260810|strat200000x400|rng0.3-0.7,0.9316519303891398,0.9748253541747698,0.9855361259303167,0.11187485871972759,3648.0,2410.0,-0.007344244028164717,848.0,0.5935486178741394,1595.0,0.8699250627860595,1205.0,30000.0,30.0,7050.0,75648.0,0.0033771237996717295,0.002980681320031484
P-pooling-width,K=8,0,3Di,v2|K16|len50-200|bs128|lr0.001|ntrain30000|ep30|pair999|syn20260810|strat200000x400|rng0.3-0.7,0.9629221870089756,0.9913843564911818,0.47269862235640336,0.08024972101777653,3699.0,347.0,0.7576265619662,1200.0,0.6944952530347358,1274.0,0.8920001893792793,1225.0,30000.0,30.0,7050.0,75648.0,0.0033771237996717295,0.002980681320031484
P-pooling-width,K=8,0,SS,v2|K16|len50-200|bs128|lr0.001|ntrain30000|ep30|pair999|syn20260810|strat200000x400|rng0.3-0.7,0.9751222385476018,0.9912679551574257,0.32153527468794474,0.08234464607857601,4000.0,10002.0,0.8076159026643551,1200.0,0.8368152254833474,1397.0,0.8404239961291402,1403.0,30000.0,30.0,7050.0,75648.0,0.0033771237996717295,0.002980681320031484
P-pooling-width,K=8,0,AA,v2|K16|len50-200|bs128|lr0.001|ntrain30000|ep30|pair999|syn20260810|strat200000x400|rng0.3-0.7,0.29701732391055713,1.0,1.0,0.058848487081058436,1216.0,10.0,0.2764506191039769,1200.0,,11.0,,5.0,30000.0,30.0,7050.0,75648.0,0.0033771237996717295,0.002980681320031484
P-pooling-width,K=8,1,Synth,v2|K16|len50-200|bs128|lr0.001|ntrain30000|ep30|pair999|syn20260810|strat200000x400|rng0.3-0.7,0.9326449494836818,0.9765630652741426,0.9858204900217348,0.1061291880988321,3648.0,2410.0,-0.025065345914654185,848.0,0.5959483132412271,1595.0,0.8930769340465586,1205.0,30000.0,30.0,7050.0,75648.0,0.003475340589384238,0.0031405208706855774
P-pooling-width,K=8,1,3Di,v2|K16|len50-200|bs128|lr0.001|ntrain30000|ep30|pair999|syn20260810|strat200000x400|rng0.3-0.7,0.9510473509915378,0.9865124643228351,0.4433144078423342,0.0703992333707892,3699.0,347.0,0.6831379058938858,1200.0,0.6363699921691083,1274.0,0.8626956756777098,1225.0,30000.0,30.0,7050.0,75648.0,0.003475340589384238,0.0031405208706855774
P-pooling-width,K=8,1,SS,v2|K16|len50-200|bs128|lr0.001|ntrain30000|ep30|pair999|syn20260810|strat200000x400|rng0.3-0.7,0.9731884301954934,0.9885080405566924,0.3157567552060261,0.08253316288143515,4000.0,10002.0,0.8396154377740532,1200.0,0.8070166608588766,1397.0,0.8324800254747884,1403.0,30000.0,30.0,7050.0,75648.0,0.003475340589384238,0.0031405208706855774
P-pooling-width,K=8,1,AA,v2|K16|len50-200|bs128|lr0.001|ntrain30000|ep30|pair999|syn20260810|strat200000x400|rng0.3-0.7,0.3321451238692012,1.0,1.0,0.0977813407798887,1216.0,10.0,0.3102806636633411,1200.0,,11.0,,5.0,30000.0,30.0,7050.0,75648.0,0.003475340589384238,0.0031405208706855774
P-pooling-width,K=8,2,Synth,v2|K16|len50-200|bs128|lr0.001|ntrain30000|ep30|pair999|syn20260810|strat200000x400|rng0.3-0.7,0.930817912235578,0.973059108673609,0.9802568662319701,0.1091180742311487,3648.0,2410.0,-0.04408362759859859,848.0,0.5834741851669079,1595.0,0.881719425685947,1205.0,30000.0,30.0,7050.0,75648.0,0.003489119685192903,0.0031026756008466086
P-pooling-width,K=8,2,3Di,v2|K16|len50-200|bs128|lr0.001|ntrain30000|ep30|pair999|syn20260810|strat200000x400|rng0.3-0.7,0.963221731118189,0.9898002078761982,0.4700420078373968,0.09025214203314173,3699.0,347.0,0.7307711339588826,1200.0,0.7266177696750632,1274.0,0.8545282007965621,1225.0,30000.0,30.0,7050.0,75648.0,0.003489119685192903,0.0031026756008466086
P-pooling-width,K=8,2,SS,v2|K16|len50-200|bs128|lr0.001|ntrain30000|ep30|pair999|syn20260810|strat200000x400|rng0.3-0.7,0.9520426962580714,0.9785036245835496,0.30559323276438183,0.06154392309117141,4000.0,10002.0,0.6504475048505034,1200.0,0.7297879622529155,1397.0,0.7916319706097829,1403.0,30000.0,30.0,7050.0,75648.0,0.003489119685192903,0.0031026756008466086
P-pooling-width,K=8,2,AA,v2|K16|len50-200|bs128|lr0.001|ntrain30000|ep30|pair999|syn20260810|strat200000x400|rng0.3-0.7,0.3235556751438064,1.0,1.0,0.07014067438083532,1216.0,10.0,0.30120088890160496,1200.0,,11.0,,5.0,30000.0,30.0,7050.0,75648.0,0.003489119685192903,0.0031026756008466086
P-pooling-width,K=32,0,Synth,v2|K16|len50-200|bs128|lr0.001|ntrain30000|ep30|pair999|syn20260810|strat200000x400|rng0.3-0.7,0.908625388885226,0.9600212649232375,0.9452543963643548,0.1322658846868545,3648.0,2410.0,-0.050691416383279675,848.0,0.49836079529514743,1595.0,0.8397189961993473,1205.0,30000.0,30.0,7050.0,272256.0,0.0015602684133996566,0.0012981601436932882
P-pooling-width,K=32,0,3Di,v2|K16|len50-200|bs128|lr0.001|ntrain30000|ep30|pair999|syn20260810|strat200000x400|rng0.3-0.7,0.9505355615180157,0.9880781350535364,0.5168165172195466,0.04287275526595374,3699.0,347.0,0.5767781771870353,1200.0,0.6661306823042471,1274.0,0.8877638455036485,1225.0,30000.0,30.0,7050.0,272256.0,0.0015602684133996566,0.0012981601436932882
P-pooling-width,K=32,0,SS,v2|K16|len50-200|bs128|lr0.001|ntrain30000|ep30|pair999|syn20260810|strat200000x400|rng0.3-0.7,0.9480326698618664,0.9919118254491243,0.4616867214551547,0.04676556657321052,4000.0,10002.0,0.43831326199026854,1200.0,0.7394810595151473,1397.0,0.8710312267937467,1403.0,30000.0,30.0,7050.0,272256.0,0.0015602684133996566,0.0012981601436932882
P-pooling-width,K=32,0,AA,v2|K16|len50-200|bs128|lr0.001|ntrain30000|ep30|pair999|syn20260810|strat200000x400|rng0.3-0.7,0.12090597755228079,0.9995045417010735,0.675,0.1613217199092509,1216.0,10.0,0.10965372099299224,1200.0,,11.0,,5.0,30000.0,30.0,7050.0,272256.0,0.0015602684133996566,0.0012981601436932882
P-pooling-width,K=32,1,Synth,v2|K16|len50-200|bs128|lr0.001|ntrain30000|ep30|pair999|syn20260810|strat200000x400|rng0.3-0.7,0.9097699048557293,0.9586976423450522,0.9477007179081869,0.12393233333783046,3648.0,2410.0,-0.10192304228762848,848.0,0.5330238238786111,1595.0,0.8450517906021354,1205.0,30000.0,30.0,7050.0,272256.0,0.0016321475767840943,0.001292052302757899
P-pooling-width,K=32,1,3Di,v2|K16|len50-200|bs128|lr0.001|ntrain30000|ep30|pair999|syn20260810|strat200000x400|rng0.3-0.7,0.8774921027325102,0.990222229554716,0.5058154121131856,0.054283234718978154,3699.0,347.0,0.13418130980047335,1200.0,0.5483476608460344,1274.0,0.8792394558326705,1225.0,30000.0,30.0,7050.0,272256.0,0.0016321475767840943,0.001292052302757899
P-pooling-width,K=32,1,SS,v2|K16|len50-200|bs128|lr0.001|ntrain30000|ep30|pair999|syn20260810|strat200000x400|rng0.3-0.7,0.953378386674077,0.990433064523433,0.458331039590142,0.04732887546959113,4000.0,10002.0,0.5648864880511241,1200.0,0.7456802157974001,1397.0,0.8709987210444571,1403.0,30000.0,30.0,7050.0,272256.0,0.0016321475767840943,0.001292052302757899
P-pooling-width,K=32,1,AA,v2|K16|len50-200|bs128|lr0.001|ntrain30000|ep30|pair999|syn20260810|strat200000x400|rng0.3-0.7,0.15071032300154263,0.9887696118909992,0.6333333333333333,0.19213717283213796,1216.0,10.0,0.12629287381351786,1200.0,,11.0,,5.0,30000.0,30.0,7050.0,272256.0,0.0016321475767840943,0.001292052302757899
P-pooling-width,K=32,2,Synth,v2|K16|len50-200|bs128|lr0.001|ntrain30000|ep30|pair999|syn20260810|strat200000x400|rng0.3-0.7,0.9104885867994256,0.9614034849336659,0.9448440690245669,0.12472462602219639,3648.0,2410.0,-0.0786158396123644,848.0,0.5303468151269582,1595.0,0.8275530869098727,1205.0,30000.0,30.0,7050.0,272256.0,0.0016404704457769791,0.0012972428540388742
P-pooling-width,K=32,2,3Di,v2|K16|len50-200|bs128|lr0.001|ntrain30000|ep30|pair999|syn20260810|strat200000x400|rng0.3-0.7,0.9555530486096615,0.9915430683186776,0.5606501376300332,0.04820418483655648,3699.0,347.0,0.6130741247758793,1200.0,0.7200722571050202,1274.0,0.8731075644877101,1225.0,30000.0,30.0,7050.0,272256.0,0.0016404704457769791,0.0012972428540388742
P-pooling-width,K=32,2,SS,v2|K16|len50-200|bs128|lr0.001|ntrain30000|ep30|pair999|syn20260810|strat200000x400|rng0.3-0.7,0.8935820958596975,0.945817464144576,0.3862576500667365,0.11129283213191023,4000.0,10002.0,0.5245786306562205,1200.0,0.5573053832363476,1397.0,0.7590673931470774,1403.0,30000.0,30.0,7050.0,272256.0,0.0016404704457769791,0.0012972428540388742
P-pooling-width,K=32,2,AA,v2|K16|len50-200|bs128|lr0.001|ntrain30000|ep30|pair999|syn20260810|strat200000x400|rng0.3-0.7,0.152979973174426,0.9996696944673823,0.8333333333333333,0.13146683258095765,1216.0,10.0,0.13106772316564694,1200.0,,11.0,,5.0,30000.0,30.0,7050.0,272256.0,0.0016404704457769791,0.0012972428540388742
N-no-pooling,flatten,0,Synth,v2|K16|len50-200|bs128|lr0.001|ntrain30000|ep30|pair999|syn20260810|strat200000x400|rng0.3-0.7,0.8277903839069972,0.9188077375786183,0.6486104524797471,0.16145562962279134,3648.0,2410.0,-0.1832955119613886,848.0,0.3129463689930689,1595.0,0.6754640568760497,1205.0,30000.0,30.0,7050.0,1648512.0,0.0003956486737666031,0.00039164408246676125
N-no-pooling,flatten,0,3Di,v2|K16|len50-200|bs128|lr0.001|ntrain30000|ep30|pair999|syn20260810|strat200000x400|rng0.3-0.7,0.749714055431751,0.9710867305693498,0.375193762102984,0.14132079742190698,3699.0,347.0,-0.12839465868393016,1200.0,0.37136257874358547,1274.0,0.7481646382639255,1225.0,30000.0,30.0,7050.0,1648512.0,0.0003956486737666031,0.00039164408246676125
N-no-pooling,flatten,0,SS,v2|K16|len50-200|bs128|lr0.001|ntrain30000|ep30|pair999|syn20260810|strat200000x400|rng0.3-0.7,0.8688566229833944,0.9805241587214373,0.3213660177702429,0.10294060617204241,4000.0,10002.0,0.21784667011779252,1200.0,0.5748968380992228,1397.0,0.831796216980133,1403.0,30000.0,30.0,7050.0,1648512.0,0.0003956486737666031,0.00039164408246676125
N-no-pooling,flatten,0,AA,v2|K16|len50-200|bs128|lr0.001|ntrain30000|ep30|pair999|syn20260810|strat200000x400|rng0.3-0.7,-0.12392709878746873,0.9045417010734931,0.2611111111111111,0.21054988016895343,1216.0,10.0,-0.14341811078780944,1200.0,,11.0,,5.0,30000.0,30.0,7050.0,1648512.0,0.0003956486737666031,0.00039164408246676125
N-no-pooling,flatten,1,Synth,v2|K16|len50-200|bs128|lr0.001|ntrain30000|ep30|pair999|syn20260810|strat200000x400|rng0.3-0.7,0.8549879349541858,0.9297235050436254,0.7601727260752158,0.15359528961836993,3648.0,2410.0,-0.16584909505021356,848.0,0.36201443670215366,1595.0,0.698795180227114,1205.0,30000.0,30.0,7050.0,1648512.0,0.0003835425556326906,0.0003638608694076538
N-no-pooling,flatten,1,3Di,v2|K16|len50-200|bs128|lr0.001|ntrain30000|ep30|pair999|syn20260810|strat200000x400|rng0.3-0.7,0.8681652255849953,0.9893570686156434,0.46621024122104815,0.054211337672804234,3699.0,347.0,0.06364567961380513,1200.0,0.6042559086128013,1274.0,0.8559885963409583,1225.0,30000.0,30.0,7050.0,1648512.0,0.0003835425556326906,0.0003638608694076538
N-no-pooling,flatten,1,SS,v2|K16|len50-200|bs128|lr0.001|ntrain30000|ep30|pair999|syn20260810|strat200000x400|rng0.3-0.7,0.8231958624382392,0.9786980756072787,0.36493600341408156,0.072846243480486,4000.0,10002.0,-0.043447148902112966,1200.0,0.5325206342571374,1397.0,0.7968316185117377,1403.0,30000.0,30.0,7050.0,1648512.0,0.0003835425556326906,0.0003638608694076538
N-no-pooling,flatten,1,AA,v2|K16|len50-200|bs128|lr0.001|ntrain30000|ep30|pair999|syn20260810|strat200000x400|rng0.3-0.7,-0.09086546549459779,0.936581337737407,0.4,0.19452624903568505,1216.0,10.0,-0.10786378835588026,1200.0,,11.0,,5.0,30000.0,30.0,7050.0,1648512.0,0.0003835425556326906,0.0003638608694076538
N-no-pooling,flatten,2,Synth,v2|K16|len50-200|bs128|lr0.001|ntrain30000|ep30|pair999|syn20260810|strat200000x400|rng0.3-0.7,0.8571443341008071,0.9257738682627814,0.763791576104854,0.1537169086212055,3648.0,2410.0,-0.08077052810644239,848.0,0.37985159918267086,1595.0,0.7308706886290285,1205.0,30000.0,30.0,7050.0,1648512.0,0.00036623337712759775,0.0003794539767007033
N-no-pooling,flatten,2,3Di,v2|K16|len50-200|bs128|lr0.001|ntrain30000|ep30|pair999|syn20260810|strat200000x400|rng0.3-0.7,0.9110094443267376,0.9933176051342121,0.5137331552057262,0.04457559532320293,3699.0,347.0,0.39045162513737514,1200.0,0.6551294451112647,1274.0,0.8842803549491713,1225.0,30000.0,30.0,7050.0,1648512.0,0.00036623337712759775,0.0003794539767007033
N-no-pooling,flatten,2,SS,v2|K16|len50-200|bs128|lr0.001|ntrain30000|ep30|pair999|syn20260810|strat200000x400|rng0.3-0.7,0.7129581678398565,0.8135677138295708,0.25934047618228934,0.2804006988857796,4000.0,10002.0,0.584689465949114,1200.0,0.3938579619489913,1397.0,0.472389158052184,1403.0,30000.0,30.0,7050.0,1648512.0,0.00036623337712759775,0.0003794539767007033
N-no-pooling,flatten,2,AA,v2|K16|len50-200|bs128|lr0.001|ntrain30000|ep30|pair999|syn20260810|strat200000x400|rng0.3-0.7,-0.08432424009867334,0.9459950454170107,0.5,0.1819997661226047,1216.0,10.0,-0.10607735929701177,1200.0,,11.0,,5.0,30000.0,30.0,7050.0,1648512.0,0.00036623337712759775,0.0003794539767007033
T-train-size,"N=5,000",0,Synth,v2|K16|len50-200|bs128|lr0.001|ntrain30000|ep30|pair999|syn20260810|strat200000x400|rng0.3-0.7,0.9034845833296513,0.9588238391339129,0.9403235526575776,0.11875959291057099,3648.0,2410.0,-0.2034021333596469,848.0,0.4895075392835565,1595.0,0.839232700527706,1205.0,5000.0,30.0,1200.0,141184.0,0.0002677556202514097,0.00018735925704240798
T-train-size,"N=5,000",0,3Di,v2|K16|len50-200|bs128|lr0.001|ntrain30000|ep30|pair999|syn20260810|strat200000x400|rng0.3-0.7,0.9263020551046974,0.9833557157705443,0.45001357739701714,0.0611595627322792,3699.0,347.0,0.4338872534429928,1200.0,0.5845124773548769,1274.0,0.849853046544623,1225.0,5000.0,30.0,1200.0,141184.0,0.0002677556202514097,0.00018735925704240798
T-train-size,"N=5,000",0,SS,v2|K16|len50-200|bs128|lr0.001|ntrain30000|ep30|pair999|syn20260810|strat200000x400|rng0.3-0.7,0.9633780273708541,0.9926221137334019,0.4415811075785599,0.053220182092246965,4000.0,10002.0,0.6322956944126777,1200.0,0.7582938968604773,1397.0,0.8552097248218595,1403.0,5000.0,30.0,1200.0,141184.0,0.0002677556202514097,0.00018735925704240798
T-train-size,"N=5,000",0,AA,v2|K16|len50-200|bs128|lr0.001|ntrain30000|ep30|pair999|syn20260810|strat200000x400|rng0.3-0.7,-0.11301223772634536,0.9998348472336911,0.8,0.12804520755855772,1216.0,10.0,-0.13209231667072116,1200.0,,11.0,,5.0,5000.0,30.0,1200.0,141184.0,0.0002677556202514097,0.00018735925704240798
T-train-size,"N=5,000",1,Synth,v2|K16|len50-200|bs128|lr0.001|ntrain30000|ep30|pair999|syn20260810|strat200000x400|rng0.3-0.7,0.9068547975679206,0.9598468314075443,0.9474025225581243,0.11680378635351026,3648.0,2410.0,-0.1597559826880974,848.0,0.4853322933035171,1595.0,0.8473105221165967,1205.0,5000.0,30.0,1200.0,141184.0,0.0003489905279129744,0.0003512651532888412
T-train-size,"N=5,000",1,3Di,v2|K16|len50-200|bs128|lr0.001|ntrain30000|ep30|pair999|syn20260810|strat200000x400|rng0.3-0.7,0.9086225397726091,0.9911900087439988,0.5067405089370576,0.06366898052292842,3699.0,347.0,0.21244886954928102,1200.0,0.6300815802156319,1274.0,0.8459996321766008,1225.0,5000.0,30.0,1200.0,141184.0,0.0003489905279129744,0.0003512651532888412
T-train-size,"N=5,000",1,SS,v2|K16|len50-200|bs128|lr0.001|ntrain30000|ep30|pair999|syn20260810|strat200000x400|rng0.3-0.7,0.9476966229325974,0.982837810281121,0.3946597668530038,0.050257114088969275,4000.0,10002.0,0.701972876934536,1200.0,0.663544598349065,1397.0,0.8382708808454961,1403.0,5000.0,30.0,1200.0,141184.0,0.0003489905279129744,0.0003512651532888412
T-train-size,"N=5,000",1,AA,v2|K16|len50-200|bs128|lr0.001|ntrain30000|ep30|pair999|syn20260810|strat200000x400|rng0.3-0.7,-0.0853761761149228,0.9877786952931462,0.8,0.15159170260933222,1216.0,10.0,-0.10873415149936762,1200.0,,11.0,,5.0,5000.0,30.0,1200.0,141184.0,0.0003489905279129744,0.0003512651532888412
T-train-size,"N=5,000",2,Synth,v2|K16|len50-200|bs128|lr0.001|ntrain30000|ep30|pair999|syn20260810|strat200000x400|rng0.3-0.7,0.9071733886044299,0.9570907139205419,0.9389899888032668,0.12921903934983406,3648.0,2410.0,-0.10800920807265639,848.0,0.504557795626927,1595.0,0.8374676024314193,1205.0,5000.0,30.0,1200.0,141184.0,0.0003174461582675576,0.00042458468973636626
T-train-size,"N=5,000",2,3Di,v2|K16|len50-200|bs128|lr0.001|ntrain30000|ep30|pair999|syn20260810|strat200000x400|rng0.3-0.7,0.936004171018317,0.9877254054410771,0.5116926070780538,0.048427420635522585,3699.0,347.0,0.5294398113870046,1200.0,0.5950870075410051,1274.0,0.8664903090972846,1225.0,5000.0,30.0,1200.0,141184.0,0.0003174461582675576,0.00042458468973636626
T-train-size,"N=5,000",2,SS,v2|K16|len50-200|bs128|lr0.001|ntrain30000|ep30|pair999|syn20260810|strat200000x400|rng0.3-0.7,0.8941989752972823,0.934270064889281,0.3418068837259255,0.10955338548571898,4000.0,10002.0,0.6599996321537603,1200.0,0.5342633775801904,1397.0,0.7472567358989815,1403.0,5000.0,30.0,1200.0,141184.0,0.0003174461582675576,0.00042458468973636626
T-train-size,"N=5,000",2,AA,v2|K16|len50-200|bs128|lr0.001|ntrain30000|ep30|pair999|syn20260810|strat200000x400|rng0.3-0.7,-0.0017140708211316265,0.9973575557390586,0.65,0.16432229983883798,1216.0,10.0,-0.02574596659492986,1200.0,,11.0,,5.0,5000.0,30.0,1200.0,141184.0,0.0003174461582675576,0.00042458468973636626
T-train-size,"N=10,000",0,Synth,v2|K16|len50-200|bs128|lr0.001|ntrain30000|ep30|pair999|syn20260810|strat200000x400|rng0.3-0.7,0.9067460814297196,0.9619011384886618,0.9359718105776197,0.117479971488472,3648.0,2410.0,-0.11971789989912265,848.0,0.4882414924799693,1595.0,0.8344743628422566,1205.0,10000.0,30.0,2370.0,141184.0,0.0005972966483794152,0.0004661750286817551
T-train-size,"N=10,000",0,3Di,v2|K16|len50-200|bs128|lr0.001|ntrain30000|ep30|pair999|syn20260810|strat200000x400|rng0.3-0.7,0.9457563416288091,0.9879718872189135,0.4787384116310629,0.060908713366147865,3699.0,347.0,0.570540381943964,1200.0,0.6417856891271049,1274.0,0.8574630628607488,1225.0,10000.0,30.0,2370.0,141184.0,0.0005972966483794152,0.0004661750286817551
T-train-size,"N=10,000",0,SS,v2|K16|len50-200|bs128|lr0.001|ntrain30000|ep30|pair999|syn20260810|strat200000x400|rng0.3-0.7,0.9578130038602372,0.9924489329345693,0.4271772996118841,0.07214196919886232,4000.0,10002.0,0.4767143874607397,1200.0,0.7772629309440687,1397.0,0.8519906470559209,1403.0,10000.0,30.0,2370.0,141184.0,0.0005972966483794152,0.0004661750286817551
T-train-size,"N=10,000",0,AA,v2|K16|len50-200|bs128|lr0.001|ntrain30000|ep30|pair999|syn20260810|strat200000x400|rng0.3-0.7,0.06291563076014439,0.9998348472336911,0.8,0.11887647138378797,1216.0,10.0,0.048314958579673446,1200.0,,11.0,,5.0,10000.0,30.0,2370.0,141184.0,0.0005972966483794152,0.0004661750286817551
T-train-size,"N=10,000",1,Synth,v2|K16|len50-200|bs128|lr0.001|ntrain30000|ep30|pair999|syn20260810|strat200000x400|rng0.3-0.7,0.9044707881379963,0.9567737782435378,0.9348379766844496,0.11611027218792715,3648.0,2410.0,-0.17729947457030987,848.0,0.511695342622818,1595.0,0.8412441138511835,1205.0,10000.0,30.0,2370.0,141184.0,0.0006094476522877812,0.0005041771575808525
T-train-size,"N=10,000",1,3Di,v2|K16|len50-200|bs128|lr0.001|ntrain30000|ep30|pair999|syn20260810|strat200000x400|rng0.3-0.7,0.9086822294986738,0.9870083975384818,0.4662344254064098,0.05960316466462027,3699.0,347.0,0.3436315252543112,1200.0,0.5922758682925356,1274.0,0.8057850473476528,1225.0,10000.0,30.0,2370.0,141184.0,0.0006094476522877812,0.0005041771575808525
T-train-size,"N=10,000",1,SS,v2|K16|len50-200|bs128|lr0.001|ntrain30000|ep30|pair999|syn20260810|strat200000x400|rng0.3-0.7,0.9406547982112147,0.9886301728157743,0.4211690609251543,0.05205590564257591,4000.0,10002.0,0.43999519804132214,1200.0,0.7249331785391059,1397.0,0.8543135052675741,1403.0,10000.0,30.0,2370.0,141184.0,0.0006094476522877812,0.0005041771575808525
T-train-size,"N=10,000",1,AA,v2|K16|len50-200|bs128|lr0.001|ntrain30000|ep30|pair999|syn20260810|strat200000x400|rng0.3-0.7,-0.08016239052952291,0.9915772089182494,0.4625,0.18168076165921795,1216.0,10.0,-0.10816737740385515,1200.0,,11.0,,5.0,10000.0,30.0,2370.0,141184.0,0.0006094476522877812,0.0005041771575808525
T-train-size,"N=10,000",2,Synth,v2|K16|len50-200|bs128|lr0.001|ntrain30000|ep30|pair999|syn20260810|strat200000x400|rng0.3-0.7,0.9045850295997883,0.9584773499693424,0.9385319106895871,0.12331698010332222,3648.0,2410.0,-0.12975840961129462,848.0,0.49867938008425305,1595.0,0.8393333048161855,1205.0,10000.0,30.0,2370.0,141184.0,0.0006055154646746814,0.000446903508156538
T-train-size,"N=10,000",2,3Di,v2|K16|len50-200|bs128|lr0.001|ntrain30000|ep30|pair999|syn20260810|strat200000x400|rng0.3-0.7,0.9544022141469467,0.9916734033953113,0.5267853766546644,0.055129786111743975,3699.0,347.0,0.6066350926342168,1200.0,0.6901431896811561,1274.0,0.8688813482365146,1225.0,10000.0,30.0,2370.0,141184.0,0.0006055154646746814,0.000446903508156538
T-train-size,"N=10,000",2,SS,v2|K16|len50-200|bs128|lr0.001|ntrain30000|ep30|pair999|syn20260810|strat200000x400|rng0.3-0.7,0.8949500781522284,0.9355575310181631,0.3509841750785645,0.0940669902038114,4000.0,10002.0,0.6550892272207891,1200.0,0.5567231324723969,1397.0,0.7233716230088684,1403.0,10000.0,30.0,2370.0,141184.0,0.0006055154646746814,0.000446903508156538
T-train-size,"N=10,000",2,AA,v2|K16|len50-200|bs128|lr0.001|ntrain30000|ep30|pair999|syn20260810|strat200000x400|rng0.3-0.7,0.1033090574292512,0.9955408753096614,0.6333333333333333,0.14904434111189527,1216.0,10.0,0.07929166679464382,1200.0,,11.0,,5.0,10000.0,30.0,2370.0,141184.0,0.0006055154646746814,0.000446903508156538
T-train-size,"N=100,000",0,Synth,v2|K16|len50-200|bs128|lr0.001|ntrain30000|ep30|pair999|syn20260810|strat200000x400|rng0.3-0.7,0.9493732633575793,0.9812549361967379,0.9989453665283542,0.10102734858923737,3648.0,2410.0,0.0858456815841484,848.0,0.6822847803983723,1595.0,0.8944865777108081,1205.0,100000.0,30.0,23460.0,141184.0,0.004405429768264294,0.004095880981087685
T-train-size,"N=100,000",0,3Di,v2|K16|len50-200|bs128|lr0.001|ntrain30000|ep30|pair999|syn20260810|strat200000x400|rng0.3-0.7,0.9642615674020242,0.9888522264200749,0.5124589832731042,0.06988720199944218,3699.0,347.0,0.7622082083673194,1200.0,0.7008039282729953,1274.0,0.8556080335331945,1225.0,100000.0,30.0,23460.0,141184.0,0.004405429768264294,0.004095880981087685
T-train-size,"N=100,000",0,SS,v2|K16|len50-200|bs128|lr0.001|ntrain30000|ep30|pair999|syn20260810|strat200000x400|rng0.3-0.7,0.9729412252243033,0.9859822356570758,0.4099245411058881,0.04968131004316873,4000.0,10002.0,0.8163959695464776,1200.0,0.8088603525918596,1397.0,0.8617224667426575,1403.0,100000.0,30.0,23460.0,141184.0,0.004405429768264294,0.004095880981087685
T-train-size,"N=100,000",0,AA,v2|K16|len50-200|bs128|lr0.001|ntrain30000|ep30|pair999|syn20260810|strat200000x400|rng0.3-0.7,0.4311138861340905,1.0,1.0,0.07165473793095986,1216.0,10.0,0.41384987414496177,1200.0,,11.0,,5.0,100000.0,30.0,23460.0,141184.0,0.004405429768264294,0.004095880981087685
T-train-size,"N=100,000",1,Synth,v2|K16|len50-200|bs128|lr0.001|ntrain30000|ep30|pair999|syn20260810|strat200000x400|rng0.3-0.7,0.9504894621878165,0.9820803956770381,1.0,0.10383650202062053,3648.0,2410.0,0.08844338655612627,848.0,0.6817558656411057,1595.0,0.9010046517618758,1205.0,100000.0,30.0,23460.0,141184.0,0.004431308636218309,0.004071813943386078
T-train-size,"N=100,000",1,3Di,v2|K16|len50-200|bs128|lr0.001|ntrain30000|ep30|pair999|syn20260810|strat200000x400|rng0.3-0.7,0.9637398402097703,0.9930364773233464,0.5385442034375924,0.0757415451810225,3699.0,347.0,0.7217981300957274,1200.0,0.7371878859861758,1274.0,0.8742069780789108,1225.0,100000.0,30.0,23460.0,141184.0,0.004431308636218309,0.004071813943386078
T-train-size,"N=100,000",1,SS,v2|K16|len50-200|bs128|lr0.001|ntrain30000|ep30|pair999|syn20260810|strat200000x400|rng0.3-0.7,0.9733383353285511,0.9930475182313272,0.4263893507359248,0.06855087682553668,4000.0,10002.0,0.7451947299616363,1200.0,0.8282600485145931,1397.0,0.8571918661259604,1403.0,100000.0,30.0,23460.0,141184.0,0.004431308636218309,0.004071813943386078
T-train-size,"N=100,000",1,AA,v2|K16|len50-200|bs128|lr0.001|ntrain30000|ep30|pair999|syn20260810|strat200000x400|rng0.3-0.7,0.4284987341341469,1.0,1.0,0.08138965063913232,1216.0,10.0,0.4089414721403043,1200.0,,11.0,,5.0,100000.0,30.0,23460.0,141184.0,0.004431308636218309,0.004071813943386078
T-train-size,"N=100,000",2,Synth,v2|K16|len50-200|bs128|lr0.001|ntrain30000|ep30|pair999|syn20260810|strat200000x400|rng0.3-0.7,0.9489485905349214,0.9807973666823493,0.999204702627939,0.10325839964748479,3648.0,2410.0,0.050534872415186685,848.0,0.6728761503870828,1595.0,0.9056758530258097,1205.0,100000.0,30.0,23460.0,141184.0,0.004385817304849625,0.004043455189466477
T-train-size,"N=100,000",2,3Di,v2|K16|len50-200|bs128|lr0.001|ntrain30000|ep30|pair999|syn20260810|strat200000x400|rng0.3-0.7,0.9672662097101623,0.9920785970006435,0.5590222340937656,0.07418148650978873,3699.0,347.0,0.7478149923215694,1200.0,0.7429156041509739,1274.0,0.8785330378480323,1225.0,100000.0,30.0,23460.0,141184.0,0.004385817304849625,0.004043455189466477
T-train-size,"N=100,000",2,SS,v2|K16|len50-200|bs128|lr0.001|ntrain30000|ep30|pair999|syn20260810|strat200000x400|rng0.3-0.7,0.974260448538936,0.9908271812066722,0.43192960543378855,0.059816893320891996,4000.0,10002.0,0.8114672034424026,1200.0,0.8189513570779445,1397.0,0.8594807669534287,1403.0,100000.0,30.0,23460.0,141184.0,0.004385817304849625,0.004043455189466477
T-train-size,"N=100,000",2,AA,v2|K16|len50-200|bs128|lr0.001|ntrain30000|ep30|pair999|syn20260810|strat200000x400|rng0.3-0.7,0.3927749063991044,1.0,1.0,0.07623358951628548,1216.0,10.0,0.37326339943580844,1200.0,,11.0,,5.0,100000.0,30.0,23460.0,141184.0,0.004385817304849625,0.004043455189466477
T2-matched-steps,"N=5,000 matched",0,Synth,v2|K16|len50-200|bs128|lr0.001|ntrain30000|ep30|pair999|syn20260810|strat200000x400|rng0.3-0.7,0.9034507744284158,0.9616980007235509,0.9356018244088784,0.10996478769909089,3648.0,2410.0,-0.05138823874785202,848.0,0.5004858388757687,1595.0,0.8368858044408735,1205.0,5000.0,176.0,7040.0,141184.0,4.454944950994104e-05,3.7339849025011065e-05
T2-matched-steps,"N=5,000 matched",0,3Di,v2|K16|len50-200|bs128|lr0.001|ntrain30000|ep30|pair999|syn20260810|strat200000x400|rng0.3-0.7,0.932381467941457,0.9872819362183031,0.46224368357653656,0.052424721105503086,3699.0,347.0,0.5601246884074982,1200.0,0.6031822748681454,1274.0,0.8566202404881534,1225.0,5000.0,176.0,7040.0,141184.0,4.454944950994104e-05,3.7339849025011065e-05
T2-matched-steps,"N=5,000 matched",0,SS,v2|K16|len50-200|bs128|lr0.001|ntrain30000|ep30|pair999|syn20260810|strat200000x400|rng0.3-0.7,0.9565151288329481,0.9916963786550137,0.4304242924405796,0.05251741489042803,4000.0,10002.0,0.5467358203204697,1200.0,0.7414293409951346,1397.0,0.8532434001937084,1403.0,5000.0,176.0,7040.0,141184.0,4.454944950994104e-05,3.7339849025011065e-05
T2-matched-steps,"N=5,000 matched",0,AA,v2|K16|len50-200|bs128|lr0.001|ntrain30000|ep30|pair999|syn20260810|strat200000x400|rng0.3-0.7,0.12796236579082035,0.9996696944673823,0.8699999999999999,0.11215533814979811,1216.0,10.0,0.11506374427967325,1200.0,,11.0,,5.0,5000.0,176.0,7040.0,141184.0,4.454944950994104e-05,3.7339849025011065e-05
T2-matched-steps,"N=5,000 matched",1,Synth,v2|K16|len50-200|bs128|lr0.001|ntrain30000|ep30|pair999|syn20260810|strat200000x400|rng0.3-0.7,0.9067105805500077,0.9604146320336024,0.9399807350326024,0.10727832116135022,3648.0,2410.0,0.042744276371398424,848.0,0.50315827707202,1595.0,0.8495359061584237,1205.0,5000.0,176.0,7040.0,141184.0,0.00010496514379046857,8.546272590756416e-05
T2-matched-steps,"N=5,000 matched",1,3Di,v2|K16|len50-200|bs128|lr0.001|ntrain30000|ep30|pair999|syn20260810|strat200000x400|rng0.3-0.7,0.9068192512989551,0.9907448897101281,0.5096745803935835,0.05658769234572792,3699.0,347.0,0.3489790531246996,1200.0,0.592535301113087,1274.0,0.8503793815853338,1225.0,5000.0,176.0,7040.0,141184.0,0.00010496514379046857,8.546272590756416e-05
T2-matched-steps,"N=5,000 matched",1,SS,v2|K16|len50-200|bs128|lr0.001|ntrain30000|ep30|pair999|syn20260810|strat200000x400|rng0.3-0.7,0.9206712274528117,0.97030923613545,0.3824676354569096,0.07685512883044888,4000.0,10002.0,0.6016416011990285,1200.0,0.583448876845657,1397.0,0.8122736009111923,1403.0,5000.0,176.0,7040.0,141184.0,0.00010496514379046857,8.546272590756416e-05
T2-matched-steps,"N=5,000 matched",1,AA,v2|K16|len50-200|bs128|lr0.001|ntrain30000|ep30|pair999|syn20260810|strat200000x400|rng0.3-0.7,0.14328314329001252,0.9968620974401321,0.825,0.1306787890857113,1216.0,10.0,0.12603548755256766,1200.0,,11.0,,5.0,5000.0,176.0,7040.0,141184.0,0.00010496514379046857,8.546272590756416e-05
T2-matched-steps,"N=5,000 matched",2,Synth,v2|K16|len50-200|bs128|lr0.001|ntrain30000|ep30|pair999|syn20260810|strat200000x400|rng0.3-0.7,0.9042343131658797,0.9586295334455459,0.9278335967858788,0.1125757857124473,3648.0,2410.0,0.03098310148234208,848.0,0.5121148814591163,1595.0,0.845753614494379,1205.0,5000.0,176.0,7040.0,141184.0,6.151156064588577e-05,3.804334104061127e-05
T2-matched-steps,"N=5,000 matched",2,3Di,v2|K16|len50-200|bs128|lr0.001|ntrain30000|ep30|pair999|syn20260810|strat200000x400|rng0.3-0.7,0.9315725587635528,0.9888258294425288,0.48815075662029145,0.04963308189310725,3699.0,347.0,0.5788998601057465,1200.0,0.5892406574165521,1274.0,0.8542094288743576,1225.0,5000.0,176.0,7040.0,141184.0,6.151156064588577e-05,3.804334104061127e-05
T2-matched-steps,"N=5,000 matched",2,SS,v2|K16|len50-200|bs128|lr0.001|ntrain30000|ep30|pair999|syn20260810|strat200000x400|rng0.3-0.7,0.9117233515068511,0.9640936647389896,0.3685148400686454,0.09159813516252045,4000.0,10002.0,0.5191214183810748,1200.0,0.5778544629869657,1397.0,0.8129624868866469,1403.0,5000.0,176.0,7040.0,141184.0,6.151156064588577e-05,3.804334104061127e-05
T2-matched-steps,"N=5,000 matched",2,AA,v2|K16|len50-200|bs128|lr0.001|ntrain30000|ep30|pair999|syn20260810|strat200000x400|rng0.3-0.7,0.2386010122590132,0.9985136251032205,0.775,0.1339524573222527,1216.0,10.0,0.22547817732881534,1200.0,,11.0,,5.0,5000.0,176.0,7040.0,141184.0,6.151156064588577e-05,3.804334104061127e-05
T2-matched-steps,"N=10,000 matched",0,Synth,v2|K16|len50-200|bs128|lr0.001|ntrain30000|ep30|pair999|syn20260810|strat200000x400|rng0.3-0.7,0.8932790810897812,0.9571430269904868,0.8895384640716593,0.12231090477563042,3648.0,2410.0,-0.09428648117913221,848.0,0.4526270885594382,1595.0,0.8234437524587503,1205.0,10000.0,89.0,7031.0,141184.0,0.00027538127806037664,0.0002292712289839983
T2-matched-steps,"N=10,000 matched",0,3Di,v2|K16|len50-200|bs128|lr0.001|ntrain30000|ep30|pair999|syn20260810|strat200000x400|rng0.3-0.7,0.9185481747898372,0.9807074389982346,0.45768188783678704,0.05601494289430028,3699.0,347.0,0.45303330058751956,1200.0,0.551622227951575,1274.0,0.8378353778642573,1225.0,10000.0,89.0,7031.0,141184.0,0.00027538127806037664,0.0002292712289839983
T2-matched-steps,"N=10,000 matched",0,SS,v2|K16|len50-200|bs128|lr0.001|ntrain30000|ep30|pair999|syn20260810|strat200000x400|rng0.3-0.7,0.9587704342339152,0.9913349220590345,0.41257104062306715,0.060315791865171886,4000.0,10002.0,0.514084613729554,1200.0,0.7577885506368651,1397.0,0.8558062913686191,1403.0,10000.0,89.0,7031.0,141184.0,0.00027538127806037664,0.0002292712289839983
T2-matched-steps,"N=10,000 matched",0,AA,v2|K16|len50-200|bs128|lr0.001|ntrain30000|ep30|pair999|syn20260810|strat200000x400|rng0.3-0.7,0.030486876324719123,0.989925681255161,0.8,0.12546992795243297,1216.0,10.0,0.017116045723934267,1200.0,,11.0,,5.0,10000.0,89.0,7031.0,141184.0,0.00027538127806037664,0.0002292712289839983
T2-matched-steps,"N=10,000 matched",1,Synth,v2|K16|len50-200|bs128|lr0.001|ntrain30000|ep30|pair999|syn20260810|strat200000x400|rng0.3-0.7,0.8971307813152682,0.9530126723316512,0.8909232365145229,0.11961507194248557,3648.0,2410.0,-0.10205005838342436,848.0,0.5076772666038449,1595.0,0.8268234508193842,1205.0,10000.0,89.0,7031.0,141184.0,0.00030319533743895593,0.00025390150099992753
T2-matched-steps,"N=10,000 matched",1,3Di,v2|K16|len50-200|bs128|lr0.001|ntrain30000|ep30|pair999|syn20260810|strat200000x400|rng0.3-0.7,0.88529061181156,0.9855618431689571,0.4427936355457969,0.062026176817922524,3699.0,347.0,0.32543954781547185,1200.0,0.523442793305482,1274.0,0.8024025511776695,1225.0,10000.0,89.0,7031.0,141184.0,0.00030319533743895593,0.00025390150099992753
T2-matched-steps,"N=10,000 matched",1,SS,v2|K16|len50-200|bs128|lr0.001|ntrain30000|ep30|pair999|syn20260810|strat200000x400|rng0.3-0.7,0.9303170973081325,0.9870838960794447,0.4074128044918857,0.05169835294655967,4000.0,10002.0,0.3660687366460557,1200.0,0.7050462813037193,1397.0,0.8492051084234392,1403.0,10000.0,89.0,7031.0,141184.0,0.00030319533743895593,0.00025390150099992753
T2-matched-steps,"N=10,000 matched",1,AA,v2|K16|len50-200|bs128|lr0.001|ntrain30000|ep30|pair999|syn20260810|strat200000x400|rng0.3-0.7,-0.015309139738851342,0.9839801816680429,0.4,0.2069156032237205,1216.0,10.0,-0.035069498732972354,1200.0,,11.0,,5.0,10000.0,89.0,7031.0,141184.0,0.00030319533743895593,0.00025390150099992753
T2-matched-steps,"N=10,000 matched",2,Synth,v2|K16|len50-200|bs128|lr0.001|ntrain30000|ep30|pair999|syn20260810|strat200000x400|rng0.3-0.7,0.8936792049390452,0.9544271633917214,0.8796021866561285,0.12263730678966746,3648.0,2410.0,-0.0836948894704202,848.0,0.4681136776952266,1595.0,0.8232273635275797,1205.0,10000.0,89.0,7031.0,141184.0,0.0002732970009092242,0.00023466886729002
T2-matched-steps,"N=10,000 matched",2,3Di,v2|K16|len50-200|bs128|lr0.001|ntrain30000|ep30|pair999|syn20260810|strat200000x400|rng0.3-0.7,0.9474307657663444,0.9912751389965849,0.49887772528159524,0.05101104730135933,3699.0,347.0,0.614524495034801,1200.0,0.6542410146964954,1274.0,0.8601813664910326,1225.0,10000.0,89.0,7031.0,141184.0,0.0002732970009092242,0.00023466886729002
T2-matched-steps,"N=10,000 matched",2,SS,v2|K16|len50-200|bs128|lr0.001|ntrain30000|ep30|pair999|syn20260810|strat200000x400|rng0.3-0.7,0.9053279127485385,0.9498019947903042,0.355577486055447,0.07312000624937594,4000.0,10002.0,0.6290477011614112,1200.0,0.5592284055029407,1397.0,0.7463848604044734,1403.0,10000.0,89.0,7031.0,141184.0,0.0002732970009092242,0.00023466886729002
T2-matched-steps,"N=10,000 matched",2,AA,v2|K16|len50-200|bs128|lr0.001|ntrain30000|ep30|pair999|syn20260810|strat200000x400|rng0.3-0.7,0.09351359425655437,0.9658133773740709,0.645,0.14947951868387843,1216.0,10.0,0.07065223521917952,1200.0,,11.0,,5.0,10000.0,89.0,7031.0,141184.0,0.0002732970009092242,0.00023466886729002
T2-matched-steps,"N=100,000 matched",0,Synth,v2|K16|len50-200|bs128|lr0.001|ntrain30000|ep30|pair999|syn20260810|strat200000x400|rng0.3-0.7,0.9475809072167534,0.980039166863407,0.9988589211618257,0.10291954588725434,3648.0,2410.0,0.08740755942243537,848.0,0.6672761051061961,1595.0,0.8854263451249234,1205.0,100000.0,9.0,7038.0,141184.0,0.005418728031218052,0.004813509742617607
T2-matched-steps,"N=100,000 matched",0,3Di,v2|K16|len50-200|bs128|lr0.001|ntrain30000|ep30|pair999|syn20260810|strat200000x400|rng0.3-0.7,0.9686421344594172,0.989775790671968,0.5391794653340043,0.07112631923884784,3699.0,347.0,0.7949549476229582,1200.0,0.7292092511710335,1274.0,0.87296662870797,1225.0,100000.0,9.0,7038.0,141184.0,0.005418728031218052,0.004813509742617607
T2-matched-steps,"N=100,000 matched",0,SS,v2|K16|len50-200|bs128|lr0.001|ntrain30000|ep30|pair999|syn20260810|strat200000x400|rng0.3-0.7,0.9728869102497393,0.9912816778831653,0.42406855963463397,0.051500387354940405,4000.0,10002.0,0.7427682498112192,1200.0,0.8182971389572261,1397.0,0.8671727913766287,1403.0,100000.0,9.0,7038.0,141184.0,0.005418728031218052,0.004813509742617607
T2-matched-steps,"N=100,000 matched",0,AA,v2|K16|len50-200|bs128|lr0.001|ntrain30000|ep30|pair999|syn20260810|strat200000x400|rng0.3-0.7,0.4309791225683012,1.0,1.0,0.07562740902228342,1216.0,10.0,0.4131225674138169,1200.0,,11.0,,5.0,100000.0,9.0,7038.0,141184.0,0.005418728031218052,0.004813509742617607
T2-matched-steps,"N=100,000 matched",1,Synth,v2|K16|len50-200|bs128|lr0.001|ntrain30000|ep30|pair999|syn20260810|strat200000x400|rng0.3-0.7,0.9473980852833997,0.9793200319992934,0.9997233748271092,0.09952295584143674,3648.0,2410.0,0.12914527087014346,848.0,0.6621456884591589,1595.0,0.8920404890273884,1205.0,100000.0,9.0,7038.0,141184.0,0.00548952979773283,0.004988108312487602
T2-matched-steps,"N=100,000 matched",1,3Di,v2|K16|len50-200|bs128|lr0.001|ntrain30000|ep30|pair999|syn20260810|strat200000x400|rng0.3-0.7,0.9325699413761277,0.991420982297527,0.5257695183420791,0.06076675972389796,3699.0,347.0,0.37499346742429596,1200.0,0.6534795278908277,1274.0,0.878856505807533,1225.0,100000.0,9.0,7038.0,141184.0,0.00548952979773283,0.004988108312487602
T2-matched-steps,"N=100,000 matched",1,SS,v2|K16|len50-200|bs128|lr0.001|ntrain30000|ep30|pair999|syn20260810|strat200000x400|rng0.3-0.7,0.975282752330266,0.9933378911079758,0.43522321439592154,0.06010442710732822,4000.0,10002.0,0.7870375263995228,1200.0,0.8276201548602704,1397.0,0.8580300605831723,1403.0,100000.0,9.0,7038.0,141184.0,0.00548952979773283,0.004988108312487602
T2-matched-steps,"N=100,000 matched",1,AA,v2|K16|len50-200|bs128|lr0.001|ntrain30000|ep30|pair999|syn20260810|strat200000x400|rng0.3-0.7,0.42642488557137376,1.0,1.0,0.09932180868511802,1216.0,10.0,0.4078353518626048,1200.0,,11.0,,5.0,100000.0,9.0,7038.0,141184.0,0.00548952979773283,0.004988108312487602
T2-matched-steps,"N=100,000 matched",2,Synth,v2|K16|len50-200|bs128|lr0.001|ntrain30000|ep30|pair999|syn20260810|strat200000x400|rng0.3-0.7,0.9480247151860156,0.9803550834546328,0.9988589211618257,0.09965574464078607,3648.0,2410.0,0.060168643311957745,848.0,0.6688498592659695,1595.0,0.8969694855288293,1205.0,100000.0,9.0,7038.0,141184.0,0.005405025472193957,0.0048271829950809475
T2-matched-steps,"N=100,000 matched",2,3Di,v2|K16|len50-200|bs128|lr0.001|ntrain30000|ep30|pair999|syn20260810|strat200000x400|rng0.3-0.7,0.9675135770105936,0.9920076551234884,0.5491006829404833,0.07536385547791481,3699.0,347.0,0.7700503501662967,1200.0,0.7461786388835285,1274.0,0.8684801973344698,1225.0,100000.0,9.0,7038.0,141184.0,0.005405025472193957,0.0048271829950809475
T2-matched-steps,"N=100,000 matched",2,SS,v2|K16|len50-200|bs128|lr0.001|ntrain30000|ep30|pair999|syn20260810|strat200000x400|rng0.3-0.7,0.956267466143578,0.9773951027983108,0.40919351688052413,0.05700841636086976,4000.0,10002.0,0.7710306372936274,1200.0,0.7014141961010796,1397.0,0.843206166793333,1403.0,100000.0,9.0,7038.0,141184.0,0.005405025472193957,0.0048271829950809475
T2-matched-steps,"N=100,000 matched",2,AA,v2|K16|len50-200|bs128|lr0.001|ntrain30000|ep30|pair999|syn20260810|strat200000x400|rng0.3-0.7,0.41202964129651254,1.0,1.0,0.08804278203151834,1216.0,10.0,0.3948869704501952,1200.0,,11.0,,5.0,100000.0,9.0,7038.0,141184.0,0.005405025472193957,0.0048271829950809475
E-epochs,epochs=5,0,Synth,v2|K16|len50-200|bs128|lr0.001|ntrain30000|ep30|pair999|syn20260810|strat200000x400|rng0.3-0.7,0.9304908478154289,0.9740488108118207,0.9886254363432787,0.10902159415209653,3648.0,2410.0,0.00966984193303938,848.0,0.5666568716658517,1595.0,0.8591968155301941,1205.0,30000.0,5.0,1175.0,141184.0,0.005226698419948419,0.004298230218887329
E-epochs,epochs=5,0,3Di,v2|K16|len50-200|bs128|lr0.001|ntrain30000|ep30|pair999|syn20260810|strat200000x400|rng0.3-0.7,0.9573628639991003,0.9901097124379257,0.5052551378914252,0.050283226464636295,3699.0,347.0,0.6219018954318193,1200.0,0.6978230304047633,1274.0,0.888001746629618,1225.0,30000.0,5.0,1175.0,141184.0,0.005226698419948419,0.004298230218887329
E-epochs,epochs=5,0,SS,v2|K16|len50-200|bs128|lr0.001|ntrain30000|ep30|pair999|syn20260810|strat200000x400|rng0.3-0.7,0.9700761458879267,0.9935286369957551,0.44955065244824555,0.06282313859053902,4000.0,10002.0,0.6332927439087543,1200.0,0.8210836801120462,1397.0,0.862354815161969,1403.0,30000.0,5.0,1175.0,141184.0,0.005226698419948419,0.004298230218887329
E-epochs,epochs=5,0,AA,v2|K16|len50-200|bs128|lr0.001|ntrain30000|ep30|pair999|syn20260810|strat200000x400|rng0.3-0.7,0.25848069717491307,1.0,0.875,0.10546145213162947,1216.0,10.0,0.2406590811603705,1200.0,,11.0,,5.0,30000.0,5.0,1175.0,141184.0,0.005226698419948419,0.004298230218887329
E-epochs,epochs=10,0,Synth,v2|K16|len50-200|bs128|lr0.001|ntrain30000|ep30|pair999|syn20260810|strat200000x400|rng0.3-0.7,0.929584169407402,0.9737626175557907,0.9897810050714615,0.10888394674668002,3648.0,2410.0,0.005018587087224146,848.0,0.5697292297630829,1595.0,0.8566272652946062,1205.0,30000.0,10.0,2350.0,141184.0,0.0037697831294188897,0.003181459854046504
E-epochs,epochs=10,0,3Di,v2|K16|len50-200|bs128|lr0.001|ntrain30000|ep30|pair999|syn20260810|strat200000x400|rng0.3-0.7,0.9585659608639434,0.9913764373979179,0.5001144542030709,0.054064403522747675,3699.0,347.0,0.696799014908088,1200.0,0.6949797955233739,1274.0,0.897734799992583,1225.0,30000.0,10.0,2350.0,141184.0,0.0037697831294188897,0.003181459854046504
E-epochs,epochs=10,0,SS,v2|K16|len50-200|bs128|lr0.001|ntrain30000|ep30|pair999|syn20260810|strat200000x400|rng0.3-0.7,0.9743143302205456,0.993119974223232,0.4428071639545862,0.05857717391004823,4000.0,10002.0,0.7668182346412838,1200.0,0.8252094345343506,1397.0,0.861634833283915,1403.0,30000.0,10.0,2350.0,141184.0,0.0037697831294188897,0.003181459854046504
E-epochs,epochs=10,0,AA,v2|K16|len50-200|bs128|lr0.001|ntrain30000|ep30|pair999|syn20260810|strat200000x400|rng0.3-0.7,0.18597073078945914,1.0,0.95,0.11450410709764156,1216.0,10.0,0.16826301539361202,1200.0,,11.0,,5.0,30000.0,10.0,2350.0,141184.0,0.0037697831294188897,0.003181459854046504
E-epochs,epochs=20,0,Synth,v2|K16|len50-200|bs128|lr0.001|ntrain30000|ep30|pair999|syn20260810|strat200000x400|rng0.3-0.7,0.9255583986665934,0.9713195292503096,0.9791653494039386,0.11499337581148211,3648.0,2410.0,0.0005012555569157458,848.0,0.5549093169911642,1595.0,0.8563959796807415,1205.0,30000.0,20.0,4700.0,141184.0,0.0028494039160509906,0.0024122605164845785
E-epochs,epochs=20,0,3Di,v2|K16|len50-200|bs128|lr0.001|ntrain30000|ep30|pair999|syn20260810|strat200000x400|rng0.3-0.7,0.9604248562976011,0.9913566396647584,0.49388412393455616,0.06934600646369343,3699.0,347.0,0.6877765594625298,1200.0,0.7072020475978613,1274.0,0.8884333412939449,1225.0,30000.0,20.0,4700.0,141184.0,0.0028494039160509906,0.0024122605164845785
E-epochs,epochs=20,0,SS,v2|K16|len50-200|bs128|lr0.001|ntrain30000|ep30|pair999|syn20260810|strat200000x400|rng0.3-0.7,0.975178818296766,0.9924431693897586,0.43419316883033066,0.05923553498052122,4000.0,10002.0,0.7848895888258726,1200.0,0.8336997881030398,1397.0,0.8579354520990575,1403.0,30000.0,20.0,4700.0,141184.0,0.0028494039160509906,0.0024122605164845785
E-epochs,epochs=20,0,AA,v2|K16|len50-200|bs128|lr0.001|ntrain30000|ep30|pair999|syn20260810|strat200000x400|rng0.3-0.7,0.25537923304130133,1.0,0.95,0.10415073614207153,1216.0,10.0,0.24190976484045978,1200.0,,11.0,,5.0,30000.0,20.0,4700.0,141184.0,0.0028494039160509906,0.0024122605164845785
E-epochs,epochs=30,0,Synth,v2|K16|len50-200|bs128|lr0.001|ntrain30000|ep30|pair999|syn20260810|strat200000x400|rng0.3-0.7,0.9236517533579353,0.9699865650524914,0.9718058025423171,0.11832901407076267,3648.0,2410.0,-0.027263534149960262,848.0,0.5585094866696056,1595.0,0.8578211059627576,1205.0,30000.0,30.0,7050.0,141184.0,0.0024647089924663304,0.0020274627129236856
E-epochs,epochs=30,0,3Di,v2|K16|len50-200|bs128|lr0.001|ntrain30000|ep30|pair999|syn20260810|strat200000x400|rng0.3-0.7,0.9613081527281743,0.9923735832247208,0.4956748073869317,0.07179664121773953,3699.0,347.0,0.6910247423122067,1200.0,0.7184912831057023,1274.0,0.8921218716969209,1225.0,30000.0,30.0,7050.0,141184.0,0.0024647089924663304,0.0020274627129236856
E-epochs,epochs=30,0,SS,v2|K16|len50-200|bs128|lr0.001|ntrain30000|ep30|pair999|syn20260810|strat200000x400|rng0.3-0.7,0.971267862238019,0.9922727331360737,0.42790053790073423,0.06191717025347589,4000.0,10002.0,0.7284203001534612,1200.0,0.817124456139369,1397.0,0.8539026642839362,1403.0,30000.0,30.0,7050.0,141184.0,0.0024647089924663304,0.0020274627129236856
E-epochs,epochs=30,0,AA,v2|K16|len50-200|bs128|lr0.001|ntrain30000|ep30|pair999|syn20260810|strat200000x400|rng0.3-0.7,0.2268158543369861,1.0,0.95,0.12281977850648726,1216.0,10.0,0.2114949625181303,1200.0,,11.0,,5.0,30000.0,30.0,7050.0,141184.0,0.0024647089924663304,0.0020274627129236856
E-epochs,epochs=50,0,Synth,v2|K16|len50-200|bs128|lr0.001|ntrain30000|ep30|pair999|syn20260810|strat200000x400|rng0.3-0.7,0.9205908263739021,0.9683305506630003,0.9624899558716986,0.11713363483845188,3648.0,2410.0,-0.05469700361562977,848.0,0.5566538185836294,1595.0,0.8585647842769906,1205.0,30000.0,50.0,11750.0,141184.0,0.0021043410163372753,0.00175480215549469
E-epochs,epochs=50,0,3Di,v2|K16|len50-200|bs128|lr0.001|ntrain30000|ep30|pair999|syn20260810|strat200000x400|rng0.3-0.7,0.9616927251620161,0.9918571923514757,0.5003115989698259,0.07376295769591938,3699.0,347.0,0.6931396498938177,1200.0,0.7230350351602362,1274.0,0.8880999593673415,1225.0,30000.0,50.0,11750.0,141184.0,0.0021043410163372753,0.00175480215549469
E-epochs,epochs=50,0,SS,v2|K16|len50-200|bs128|lr0.001|ntrain30000|ep30|pair999|syn20260810|strat200000x400|rng0.3-0.7,0.9685021159881729,0.9920733419310784,0.4206831343954187,0.059700936212036794,4000.0,10002.0,0.672593555247141,1200.0,0.8080672714345618,1397.0,0.8602488830289585,1403.0,30000.0,50.0,11750.0,141184.0,0.0021043410163372753,0.00175480215549469
E-epochs,epochs=50,0,AA,v2|K16|len50-200|bs128|lr0.001|ntrain30000|ep30|pair999|syn20260810|strat200000x400|rng0.3-0.7,0.2087764145808129,1.0,0.8533333333333333,0.11501128984777899,1216.0,10.0,0.19264155552682027,1200.0,,11.0,,5.0,30000.0,50.0,11750.0,141184.0,0.0021043410163372753,0.00175480215549469
E-epochs,epochs=5,1,Synth,v2|K16|len50-200|bs128|lr0.001|ntrain30000|ep30|pair999|syn20260810|strat200000x400|rng0.3-0.7,0.9307146822495624,0.9682038443312503,0.9891021207929922,0.10748178849949847,3648.0,2410.0,-0.02897024713660229,848.0,0.6052790862758682,1595.0,0.8742827678149413,1205.0,30000.0,5.0,1175.0,141184.0,0.005362494189540545,0.00432226288318634
E-epochs,epochs=5,1,3Di,v2|K16|len50-200|bs128|lr0.001|ntrain30000|ep30|pair999|syn20260810|strat200000x400|rng0.3-0.7,0.9212629664890643,0.990300100638477,0.4754457337957063,0.06865857060116935,3699.0,347.0,0.2702898324728782,1200.0,0.6574009574435623,1274.0,0.8436791143692836,1225.0,30000.0,5.0,1175.0,141184.0,0.005362494189540545,0.00432226288318634
E-epochs,epochs=5,1,SS,v2|K16|len50-200|bs128|lr0.001|ntrain30000|ep30|pair999|syn20260810|strat200000x400|rng0.3-0.7,0.9658400976490342,0.986803129110814,0.41276630262256947,0.050870217820935426,4000.0,10002.0,0.7650851143952151,1200.0,0.7539909363107945,1397.0,0.8580684053677978,1403.0,30000.0,5.0,1175.0,141184.0,0.005362494189540545,0.00432226288318634
E-epochs,epochs=5,1,AA,v2|K16|len50-200|bs128|lr0.001|ntrain30000|ep30|pair999|syn20260810|strat200000x400|rng0.3-0.7,0.24639005537057967,1.0,0.8833333333333334,0.14182907414805088,1216.0,10.0,0.22270107593024496,1200.0,,11.0,,5.0,30000.0,5.0,1175.0,141184.0,0.005362494189540545,0.00432226288318634
E-epochs,epochs=10,1,Synth,v2|K16|len50-200|bs128|lr0.001|ntrain30000|ep30|pair999|syn20260810|strat200000x400|rng0.3-0.7,0.9308251155055017,0.9683978103243581,0.9892323651452283,0.11168796981258339,3648.0,2410.0,-0.03431955426502956,848.0,0.6049565925554091,1595.0,0.8739970260765331,1205.0,30000.0,10.0,2350.0,141184.0,0.003919229718049367,0.003220332376162211
E-epochs,epochs=10,1,3Di,v2|K16|len50-200|bs128|lr0.001|ntrain30000|ep30|pair999|syn20260810|strat200000x400|rng0.3-0.7,0.9327563309345621,0.9905026974411429,0.4779329119843049,0.06819626330964872,3699.0,347.0,0.40623413828638855,1200.0,0.6604183735255978,1274.0,0.8391766828019784,1225.0,30000.0,10.0,2350.0,141184.0,0.003919229718049367,0.003220332376162211
E-epochs,epochs=10,1,SS,v2|K16|len50-200|bs128|lr0.001|ntrain30000|ep30|pair999|syn20260810|strat200000x400|rng0.3-0.7,0.9658417383370618,0.9886013550917213,0.4152015794875794,0.05347376036070593,4000.0,10002.0,0.7263669635833512,1200.0,0.7692142525193256,1397.0,0.8617194977160576,1403.0,30000.0,10.0,2350.0,141184.0,0.003919229718049367,0.003220332376162211
E-epochs,epochs=10,1,AA,v2|K16|len50-200|bs128|lr0.001|ntrain30000|ep30|pair999|syn20260810|strat200000x400|rng0.3-0.7,0.22059138872691392,1.0,1.0,0.13085450653330158,1216.0,10.0,0.1928221231565137,1200.0,,11.0,,5.0,30000.0,10.0,2350.0,141184.0,0.003919229718049367,0.003220332376162211
E-epochs,epochs=20,1,Synth,v2|K16|len50-200|bs128|lr0.001|ntrain30000|ep30|pair999|syn20260810|strat200000x400|rng0.3-0.7,0.9267507178726109,0.9693041172763914,0.9825169597576238,0.11038583813799846,3648.0,2410.0,-0.07658330657798942,848.0,0.574666914602003,1595.0,0.873382901867934,1205.0,30000.0,20.0,4700.0,141184.0,0.0029595429254074893,0.002515154572327932
E-epochs,epochs=20,1,3Di,v2|K16|len50-200|bs128|lr0.001|ntrain30000|ep30|pair999|syn20260810|strat200000x400|rng0.3-0.7,0.9448119064649512,0.991713658786069,0.4884248962419849,0.06638271385995875,3699.0,347.0,0.5683861929586369,1200.0,0.6757683014988303,1274.0,0.8449381444746122,1225.0,30000.0,20.0,4700.0,141184.0,0.0029595429254074893,0.002515154572327932
E-epochs,epochs=20,1,SS,v2|K16|len50-200|bs128|lr0.001|ntrain30000|ep30|pair999|syn20260810|strat200000x400|rng0.3-0.7,0.9623746528573252,0.9891222697607936,0.42312671433652294,0.05204783899281641,4000.0,10002.0,0.6126717101550809,1200.0,0.7870239326721462,1397.0,0.8622907736836383,1403.0,30000.0,20.0,4700.0,141184.0,0.0029595429254074893,0.002515154572327932
E-epochs,epochs=20,1,AA,v2|K16|len50-200|bs128|lr0.001|ntrain30000|ep30|pair999|syn20260810|strat200000x400|rng0.3-0.7,0.17488895365273116,1.0,0.875,0.13579498591891398,1216.0,10.0,0.1483932891187311,1200.0,,11.0,,5.0,30000.0,20.0,4700.0,141184.0,0.0029595429254074893,0.002515154572327932
E-epochs,epochs=30,1,Synth,v2|K16|len50-200|bs128|lr0.001|ntrain30000|ep30|pair999|syn20260810|strat200000x400|rng0.3-0.7,0.9255167039060762,0.968575131249756,0.9785488704472107,0.11841083056922433,3648.0,2410.0,-0.0983357255822195,848.0,0.582339354101461,1595.0,0.8701396534720579,1205.0,30000.0,30.0,7050.0,141184.0,0.0025679434994856517,0.002186663661400477
E-epochs,epochs=30,1,3Di,v2|K16|len50-200|bs128|lr0.001|ntrain30000|ep30|pair999|syn20260810|strat200000x400|rng0.3-0.7,0.9430577236738744,0.9931489944401366,0.49017246411853244,0.0666632796518297,3699.0,347.0,0.5417392831284038,1200.0,0.6742356682818983,1274.0,0.8519764221149446,1225.0,30000.0,30.0,7050.0,141184.0,0.0025679434994856517,0.002186663661400477
E-epochs,epochs=30,1,SS,v2|K16|len50-200|bs128|lr0.001|ntrain30000|ep30|pair999|syn20260810|strat200000x400|rng0.3-0.7,0.9641607612248686,0.9885898280021002,0.4171975753816231,0.052455136261409345,4000.0,10002.0,0.6461254826551913,1200.0,0.7812184260470288,1397.0,0.8600702683266006,1403.0,30000.0,30.0,7050.0,141184.0,0.0025679434994856517,0.002186663661400477
E-epochs,epochs=30,1,AA,v2|K16|len50-200|bs128|lr0.001|ntrain30000|ep30|pair999|syn20260810|strat200000x400|rng0.3-0.7,0.17021183967433842,0.9996696944673823,0.8499999999999999,0.14646472763640453,1216.0,10.0,0.14724612246004418,1200.0,,11.0,,5.0,30000.0,30.0,7050.0,141184.0,0.0025679434994856517,0.002186663661400477
E-epochs,epochs=50,1,Synth,v2|K16|len50-200|bs128|lr0.001|ntrain30000|ep30|pair999|syn20260810|strat200000x400|rng0.3-0.7,0.9208608004578394,0.9654146065564582,0.9674366067312125,0.11491851190999264,3648.0,2410.0,-0.09389612487202012,848.0,0.5634334239331172,1595.0,0.8642877274647801,1205.0,30000.0,50.0,11750.0,141184.0,0.0021802571586022773,0.0018624678631623587
E-epochs,epochs=50,1,3Di,v2|K16|len50-200|bs128|lr0.001|ntrain30000|ep30|pair999|syn20260810|strat200000x400|rng0.3-0.7,0.9454572913406482,0.9939936977216108,0.48600069123604184,0.06368735996736753,3699.0,347.0,0.5702543391579549,1200.0,0.6832837464172897,1274.0,0.8645521170941237,1225.0,30000.0,50.0,11750.0,141184.0,0.0021802571586022773,0.0018624678631623587
E-epochs,epochs=50,1,SS,v2|K16|len50-200|bs128|lr0.001|ntrain30000|ep30|pair999|syn20260810|strat200000x400|rng0.3-0.7,0.964199807486363,0.9877694834573912,0.4168035209253186,0.052559848535200904,4000.0,10002.0,0.6456248178248924,1200.0,0.7860016334084369,1397.0,0.8572838548166248,1403.0,30000.0,50.0,11750.0,141184.0,0.0021802571586022773,0.0018624678631623587
E-epochs,epochs=50,1,AA,v2|K16|len50-200|bs128|lr0.001|ntrain30000|ep30|pair999|syn20260810|strat200000x400|rng0.3-0.7,0.1341563321875501,1.0,0.925,0.13210707746579567,1216.0,10.0,0.11107152084127053,1200.0,,11.0,,5.0,30000.0,50.0,11750.0,141184.0,0.0021802571586022773,0.0018624678631623587
E-epochs,epochs=5,2,Synth,v2|K16|len50-200|bs128|lr0.001|ntrain30000|ep30|pair999|syn20260810|strat200000x400|rng0.3-0.7,0.9325200684166132,0.9702158593525748,0.9893734769149706,0.1056741209037652,3648.0,2410.0,0.04920384527327921,848.0,0.5955090302233123,1595.0,0.8720060292174481,1205.0,30000.0,5.0,1175.0,141184.0,0.005307525110989809,0.004365520191192627
E-epochs,epochs=5,2,3Di,v2|K16|len50-200|bs128|lr0.001|ntrain30000|ep30|pair999|syn20260810|strat200000x400|rng0.3-0.7,0.9661268602194633,0.9898081269694621,0.5429763751748965,0.06403622465731512,3699.0,347.0,0.7471848266611608,1200.0,0.7397653684465939,1274.0,0.868913711497839,1225.0,30000.0,5.0,1175.0,141184.0,0.005307525110989809,0.004365520191192627
E-epochs,epochs=5,2,SS,v2|K16|len50-200|bs128|lr0.001|ntrain30000|ep30|pair999|syn20260810|strat200000x400|rng0.3-0.7,0.9267249961110691,0.9490681034177546,0.37779623613574087,0.0942876584751568,4000.0,10002.0,0.7581082790993519,1200.0,0.6136355737850958,1397.0,0.7780024783120036,1403.0,30000.0,5.0,1175.0,141184.0,0.005307525110989809,0.004365520191192627
E-epochs,epochs=5,2,AA,v2|K16|len50-200|bs128|lr0.001|ntrain30000|ep30|pair999|syn20260810|strat200000x400|rng0.3-0.7,0.33726177784036204,0.9998348472336911,0.9333333333333332,0.12001065972269313,1216.0,10.0,0.3171677748509833,1200.0,,11.0,,5.0,30000.0,5.0,1175.0,141184.0,0.005307525110989809,0.004365520191192627
E-epochs,epochs=10,2,Synth,v2|K16|len50-200|bs128|lr0.001|ntrain30000|ep30|pair999|syn20260810|strat200000x400|rng0.3-0.7,0.9301338218935203,0.9689712159221963,0.9843469670025687,0.11100765612064246,3648.0,2410.0,-0.02127230819825286,848.0,0.5936956701293629,1595.0,0.8711583810501778,1205.0,30000.0,10.0,2350.0,141184.0,0.0038600414112210275,0.003212296986579895
E-epochs,epochs=10,2,3Di,v2|K16|len50-200|bs128|lr0.001|ntrain30000|ep30|pair999|syn20260810|strat200000x400|rng0.3-0.7,0.9646443146936217,0.9890498737894511,0.5495249213464871,0.06493412209086437,3699.0,347.0,0.6891733392339635,1200.0,0.7472099127770329,1274.0,0.8632738496563686,1225.0,30000.0,10.0,2350.0,141184.0,0.0038600414112210275,0.003212296986579895
E-epochs,epochs=10,2,SS,v2|K16|len50-200|bs128|lr0.001|ntrain30000|ep30|pair999|syn20260810|strat200000x400|rng0.3-0.7,0.9391958332149855,0.9645318313718527,0.383351512111284,0.07625419215882782,4000.0,10002.0,0.7266103150729136,1200.0,0.6324313071585674,1397.0,0.815232595281475,1403.0,30000.0,10.0,2350.0,141184.0,0.0038600414112210275,0.003212296986579895
E-epochs,epochs=10,2,AA,v2|K16|len50-200|bs128|lr0.001|ntrain30000|ep30|pair999|syn20260810|strat200000x400|rng0.3-0.7,0.22066123325524126,0.9973575557390586,0.9099999999999999,0.10670273431864859,1216.0,10.0,0.19614516815913696,1200.0,,11.0,,5.0,30000.0,10.0,2350.0,141184.0,0.0038600414112210275,0.003212296986579895
E-epochs,epochs=20,2,Synth,v2|K16|len50-200|bs128|lr0.001|ntrain30000|ep30|pair999|syn20260810|strat200000x400|rng0.3-0.7,0.9272889067772048,0.9676358738575623,0.9759627543963643,0.11284493525818141,3648.0,2410.0,-0.04083849377052274,848.0,0.5858065687180803,1595.0,0.8751686508834658,1205.0,30000.0,20.0,4700.0,141184.0,0.002938137531032165,0.0024801000356674194
E-epochs,epochs=20,2,3Di,v2|K16|len50-200|bs128|lr0.001|ntrain30000|ep30|pair999|syn20260810|strat200000x400|rng0.3-0.7,0.9616099114699762,0.9909860920924555,0.5410692085565147,0.06530417487298176,3699.0,347.0,0.6262608742949293,1200.0,0.742384834580955,1274.0,0.8791768526047979,1225.0,30000.0,20.0,4700.0,141184.0,0.002938137531032165,0.0024801000356674194
E-epochs,epochs=20,2,SS,v2|K16|len50-200|bs128|lr0.001|ntrain30000|ep30|pair999|syn20260810|strat200000x400|rng0.3-0.7,0.9477171451753964,0.9729651324750777,0.39164585930445556,0.05964480508957812,4000.0,10002.0,0.7169046653054633,1200.0,0.6674699488869962,1397.0,0.83022070067566,1403.0,30000.0,20.0,4700.0,141184.0,0.002938137531032165,0.0024801000356674194
E-epochs,epochs=20,2,AA,v2|K16|len50-200|bs128|lr0.001|ntrain30000|ep30|pair999|syn20260810|strat200000x400|rng0.3-0.7,0.18761340535241766,0.9983484723369116,0.9,0.12723726609386127,1216.0,10.0,0.16304453108893277,1200.0,,11.0,,5.0,30000.0,20.0,4700.0,141184.0,0.002938137531032165,0.0024801000356674194
E-epochs,epochs=30,2,Synth,v2|K16|len50-200|bs128|lr0.001|ntrain30000|ep30|pair999|syn20260810|strat200000x400|rng0.3-0.7,0.9262148221865178,0.9660406649195008,0.9707645063557928,0.11466821800556422,3648.0,2410.0,-0.05373417457743116,848.0,0.5971417827006607,1595.0,0.8738572166619742,1205.0,30000.0,30.0,7050.0,141184.0,0.002544280053675175,0.002107168404261271
E-epochs,epochs=30,2,3Di,v2|K16|len50-200|bs128|lr0.001|ntrain30000|ep30|pair999|syn20260810|strat200000x400|rng0.3-0.7,0.9586780146188566,0.9893395806180193,0.5392912130430142,0.06470927849469367,3699.0,347.0,0.5939608590096327,1200.0,0.7359996917260772,1274.0,0.8618099234067584,1225.0,30000.0,30.0,7050.0,141184.0,0.002544280053675175,0.002107168404261271
E-epochs,epochs=30,2,SS,v2|K16|len50-200|bs128|lr0.001|ntrain30000|ep30|pair999|syn20260810|strat200000x400|rng0.3-0.7,0.9555130630658647,0.9789542788968355,0.3950772749204253,0.0557968338497226,4000.0,10002.0,0.7254019395969329,1200.0,0.7015827314038156,1397.0,0.8395215362454397,1403.0,30000.0,30.0,7050.0,141184.0,0.002544280053675175,0.002107168404261271
E-epochs,epochs=30,2,AA,v2|K16|len50-200|bs128|lr0.001|ntrain30000|ep30|pair999|syn20260810|strat200000x400|rng0.3-0.7,0.20524840125510396,0.9986787778695293,0.85,0.11979787081479684,1216.0,10.0,0.18209976396654812,1200.0,,11.0,,5.0,30000.0,30.0,7050.0,141184.0,0.002544280053675175,0.002107168404261271
E-epochs,epochs=50,2,Synth,v2|K16|len50-200|bs128|lr0.001|ntrain30000|ep30|pair999|syn20260810|strat200000x400|rng0.3-0.7,0.9211189213653598,0.9650915563647852,0.9625385299347953,0.11860000271252294,3648.0,2410.0,-0.07432890616859691,848.0,0.56758225757146,1595.0,0.8676006818667729,1205.0,30000.0,50.0,11750.0,141184.0,0.002175236454109351,0.001836694057782491
E-epochs,epochs=50,2,3Di,v2|K16|len50-200|bs128|lr0.001|ntrain30000|ep30|pair999|syn20260810|strat200000x400|rng0.3-0.7,0.9586673088746519,0.9897734809364328,0.5422928960248845,0.06167264396763509,3699.0,347.0,0.5945122882508188,1200.0,0.7346805408993606,1274.0,0.8618959056186101,1225.0,30000.0,50.0,11750.0,141184.0,0.002175236454109351,0.001836694057782491
E-epochs,epochs=50,2,SS,v2|K16|len50-200|bs128|lr0.001|ntrain30000|ep30|pair999|syn20260810|strat200000x400|rng0.3-0.7,0.9481618720801552,0.9790006617098351,0.3910301527972309,0.05682239664288551,4000.0,10002.0,0.6403506165643771,1200.0,0.6820580941797028,1397.0,0.8369312634430495,1403.0,30000.0,50.0,11750.0,141184.0,0.002175236454109351,0.001836694057782491
E-epochs,epochs=50,2,AA,v2|K16|len50-200|bs128|lr0.001|ntrain30000|ep30|pair999|syn20260810|strat200000x400|rng0.3-0.7,0.17125350424012484,0.9962014863748968,0.825,0.11687261123470663,1216.0,10.0,0.1482884074727007,1200.0,,11.0,,5.0,30000.0,50.0,11750.0,141184.0,0.002175236454109351,0.001836694057782491
